train_id,pred_rr_mean,pred_rr_mean_unc,pred_rr_std,pred_rr_std_unc,pred_rr_mean_unc_calib,pred_rr_std_unc_calib,flag_mean,flag_std,flag_any
19955,26.224765250306863,23.346626472136375,17.390269398293817,10.395048339471048,105.40393640732246,43.741367496884436,True,True,True
28317,29.344432967588627,29.46455756579904,17.934084257257638,12.028930057984564,133.02480149078187,50.61658523152149,True,True,True
14065,24.483999477127217,22.447138373906828,17.408817472648504,10.032335121959568,101.34298197272423,42.21510502796413,True,True,True
25224,26.014091814462308,23.787758786066256,19.389826652978176,11.126433433538587,107.39553388373616,46.81896590110499,True,True,True
18727,29.852763316905676,29.583259641966126,20.298118232439123,11.550981141034406,133.56071044116769,48.60542197971899,True,True,True
29054,24.35264138243411,23.35872461306986,21.543603089207316,13.291668370775987,105.45855636190656,55.930067072916756,True,True,True
15553,27.54522672545335,21.553634722086244,17.21352154739172,8.689745128352397,97.30904575463262,36.565614964024775,True,True,True
15988,19.817278350764358,14.343731652478864,15.752504132505024,10.135903614088626,64.75821167336441,42.65091132028444,True,True,True
26811,51.13581759759989,59.90842686949714,30.88450898506034,30.560303108252047,270.4709403541238,128.5948275967568,True,True,True
15390,29.292616142461302,28.283281185840455,24.892908713624852,22.971687554852807,127.69164637386473,96.6626603885089,True,True,True
24507,24.87057203908117,24.927731085760175,17.231081059836786,9.112856615417398,112.54221183853414,38.34602756466548,True,True,True
29012,27.054384388413478,20.236380800155718,17.561925121964194,9.826986192884943,91.36198745971504,41.35101640822791,True,True,True
21679,53.97486223772958,43.44316415357017,30.840730378109594,22.204491728539857,196.13456861704628,93.43437385390888,True,True,True
18638,50.38898543442831,45.479950153215306,40.4354866195108,24.98649724883928,205.33012679493302,105.14078654847174,True,True,True
13870,70.94379685856285,69.79183482805338,32.20636296175024,23.008886886110137,315.0919525245369,96.81919161049339,True,True,True
26940,19.61839056105978,15.38590749725235,15.220708232369777,9.922308016336466,69.46336411150595,41.75212150883953,True,True,True
25701,52.09219248558113,52.95570410761058,20.279759230929567,14.025562628325291,239.08120836323994,59.01822379667383,True,True,True
13530,32.190576387499526,41.88999131256932,25.635853502905476,30.57519193564694,189.1223978626198,128.65747835598464,True,True,True
20241,18.175366897066173,20.17357210228908,13.40856883359794,9.981165737954674,91.07842255136893,41.999789162442994,True,True,True
24253,44.63544995774418,40.55442307228059,23.02338828301983,21.5490052808457,183.09265519144444,90.67614968202626,True,True,True
23313,26.902253992778974,26.69651731442308,18.397528465473137,10.390917074364522,120.52782086802885,43.72398352911918,True,True,True
20366,40.96502707884629,27.97956985357277,30.089718992153372,36.3409897329009,126.3204688296173,152.91940308458533,True,True,True
18680,27.6404961358166,31.05664293055632,15.838305759918594,11.660597186883415,140.21265215272587,49.0666757986965,True,True,True
27398,24.067142464418822,23.777549839530323,17.267226012197465,10.484067361619516,107.34944314969613,44.1159510134636,True,True,True
25908,25.417744660584514,29.001735953858116,15.334275080862856,9.50381169543365,130.935282484206,39.99112908524531,True,True,True
27288,19.19472404990342,19.805569148802075,14.444044500749808,9.444333597530084,89.41698508615978,39.740850947669294,True,True,True
20324,33.84115248490884,37.027899252994104,22.440777617468683,19.587181777731836,167.17131885488178,82.42098433682159,True,True,True
29429,26.733704834404453,32.29606268182008,17.51076202573821,11.515155631719121,145.80830944394523,48.45467166884524,True,True,True
24040,23.653812031555443,24.54362488744467,18.442255634355607,11.088748744225972,110.80807241803905,46.66039233892444,True,True,True
12039,11.482106618560506,12.286680747838279,11.906632843909858,7.349581674300299,55.47116272870716,30.92633554605434,True,True,True
16192,31.383498401928396,29.825971520161474,19.932451313628512,11.955123816970271,134.65649134146764,50.3060156404681,True,True,True
22974,41.146280189627674,42.86534280013147,36.14889230416303,34.038712621964066,193.52585573660792,143.23164157540913,True,True,True
27436,30.723740817172114,24.314562575565834,17.57355966559931,11.534268205294417,109.7739157537601,48.53509554733687,True,True,True
14930,23.039780780339846,15.430197904688136,17.397861572973515,9.557485604795213,69.66332376282378,40.21698375351693,True,True,True
19118,49.71499161498091,60.67154193118691,23.972465045614086,19.28176414009313,273.91620605577947,81.13581617870365,True,True,True
20768,26.16918685464344,33.46640431259038,19.522655177609995,19.319809678391984,151.09209701692842,81.29590815884653,True,True,True
26585,13.727388655998125,19.284689008633265,10.194169566505497,6.210518995777204,87.06534694967289,26.133268924701856,True,True,True
17428,24.069760634999273,15.7811446482321,18.298838308611042,9.391692534618771,71.24775688351524,39.51934239830669,True,True,True
18011,32.11015971485697,23.75855278207312,19.69563523727847,9.212828860008567,107.26367638426923,38.76670119189108,True,True,True
27093,39.068346412323166,39.019074183150686,22.00159020296766,12.800017708226415,176.1609549363329,53.86124818835139,True,True,True
15983,20.18184785376322,22.510291065334616,15.135896531310195,9.691259839903822,101.62809992238391,40.77989291838167,True,True,True
27034,42.20831575076392,40.02049974980275,23.799433830741837,20.496541656926645,180.68213048475903,86.24748358567516,True,True,True
26459,24.206649873067814,20.93178062049764,13.67090928998322,8.902999655428266,94.50153648742842,37.46296958274072,True,True,True
17362,29.33111515444318,34.75534665265693,22.121489676876525,22.053193938776015,156.9113358952831,92.79772724992942,True,True,True
25842,18.736512702883328,16.298393358773495,15.514319404305995,9.17067426984714,73.58300006127126,38.589318715185314,True,True,True
23848,43.159422896371815,36.03206338512768,29.436343143553277,31.293339885030083,162.6753793402801,131.6793761235808,True,True,True
18730,41.03602099607236,38.39922897846185,20.73405848260664,11.25895238097253,173.36251531528612,47.376592935699755,True,True,True
12212,93.83614737882937,70.27492991196416,41.49836353062362,29.906222558509324,317.2730009755409,125.84251930875932,True,True,True
15254,36.96985615327788,42.41128683898555,23.041981509042312,20.46242132575353,191.47591135980002,86.10390850105613,True,True,True
19405,23.205364087691336,26.71959600896024,30.07891575901143,40.98421571497794,120.63201516154969,172.45765316485853,True,True,True
25792,64.55453841784676,52.461302914025715,42.372604781022886,41.047107466620744,236.84911577245313,172.72229563031826,True,True,True
28203,50.23452592372033,43.84046934656286,38.19667935675244,39.005553668443014,197.92829805999088,164.13163284218385,True,True,True
24353,40.61079857972695,45.644641799313725,23.844807161919693,22.742917940888564,206.0736666726491,95.70001977061645,True,True,True
25547,26.76068412541269,26.4012001384545,18.75490985286986,10.74381475723665,119.19454075267974,45.2089431686714,True,True,True
26857,23.29999223200394,26.62799726199831,18.275823381205893,11.188913569914758,120.2184706817385,47.081876328958245,True,True,True
29275,40.61906964598441,46.2495122389553,21.49480273945453,14.063407402171327,208.80449913063785,59.177470979233846,True,True,True
13044,51.34733125078028,35.9645330815495,26.44241500587218,12.743645347825316,162.370497612189,53.62403869663519,True,True,True
16895,44.46865726857,61.03197592273596,23.094624290675327,26.756072761134075,275.5434716296565,112.58699076696148,True,True,True
19857,19.692988495307258,24.7411446145811,15.30331867075208,10.192171969230305,111.69982252947922,42.88768316783341,True,True,True
20767,26.490698397381575,27.5735744839916,29.76567598229383,39.80829128016833,124.48750550328515,167.5094758046568,True,True,True
17647,29.587325751455634,18.283958024277794,18.704952097217404,9.325915906252119,82.54730725936773,39.242560647983616,True,True,True
19980,48.56148614930491,40.287768838698256,34.932590845191136,30.85949566894576,181.88878079388212,129.85380122749447,True,True,True
22819,24.614395062838817,15.963398192699502,18.7916380688511,19.063214952369286,72.0705841572534,80.21618213524516,True,True,True
12386,20.20674327082404,20.824111323919865,13.702996707751403,10.079380856620203,94.01543766269889,42.41306897211799,True,True,True
13610,25.663878825518783,21.290248909715306,19.247269786191758,10.12991161439157,96.1199274273715,42.625697559633146,True,True,True
19149,17.126108298055968,10.045425619271645,14.396120976622203,8.04053976041074,45.35247970073453,33.83382097397094,True,True,True
16555,22.70497380675879,22.47849536097742,15.78457271386233,9.761261917172014,101.48455060042548,41.07445495285597,True,True,True
25372,27.323331722301987,28.504426296693527,17.861420685795736,10.674737479071101,128.69005893805112,44.91827260021904,True,True,True
28190,35.80675386624171,26.566339256593697,19.787156521165482,11.172503070100726,119.94010085008736,47.01282251797715,True,True,True
25185,23.05141917771893,19.923561737144244,16.171266752874793,9.874275771890282,89.94969088384737,41.55000642602236,True,True,True
16082,30.624113650129793,29.27059675068806,20.52990080055953,11.17130760656615,132.1491189399915,47.00779212195712,True,True,True
26800,39.31273667926347,37.726285249660044,29.755685030758276,28.691242962570026,170.32434969075848,120.73000157227122,True,True,True
21041,48.14745253766716,54.93146506910244,24.851540829839305,26.40096014259787,248.00125439171876,111.09271089034058,True,True,True
20126,31.489433034044975,29.69326297975662,21.998703670791443,12.94075850054547,134.0573468539231,54.45347195851462,True,True,True
13766,19.02762250838818,17.630386394824615,16.377482448460835,10.10605665246019,79.59660161670324,42.525318165291836,True,True,True
17587,31.94809333472623,42.42467675827009,21.30564722797554,18.011256742276984,191.53636335711323,75.789642771855,True,True,True
27747,14.92124555421679,8.62817942825243,13.933082902772007,7.836010682226744,38.95398236023034,32.97318220823525,True,True,True
21979,34.49970972163392,31.061566502487217,21.343437929779355,11.103667820332497,140.23488079733627,46.723170381832766,True,True,True
24869,22.336477220221095,26.510721368650287,13.173849031838373,9.955961240967524,119.68900057524067,41.89373105388155,True,True,True
25889,15.009294339426331,11.795021690663495,12.13006606384081,6.388581185959777,53.25145016944793,26.8825375614336,True,True,True
13471,28.267111494001956,30.40853900173265,21.744448991160365,12.318466048055404,137.28663175399308,51.8349249382426,True,True,True
22387,30.84751436980758,38.301080689418946,22.5995338604605,29.887064392064108,172.9194013592243,125.76190357983917,True,True,True
16485,23.232563354849418,29.73491142199842,16.698632706929324,10.482090259641609,134.245378720658,44.10763155776024,True,True,True
12547,22.20320608883677,26.383693407030936,17.257793479805564,11.113436999950789,119.11550242104448,46.76427815371337,True,True,True
14804,29.317020095848434,20.136908481491893,17.691000727408284,8.311149264017624,90.91289585484253,34.972519838936535,True,True,True
22721,23.501568203023865,20.300481593235908,18.79740829276787,19.313046218323205,91.6513858413419,81.26744816686212,True,True,True
21141,24.117913675289973,27.63172886729497,17.49814577473296,11.046925413820535,124.75005739389047,46.484403771534964,True,True,True
14665,20.22620199316499,19.20195446184384,16.085955708121045,10.361381942873928,86.69182202439562,43.599702525471194,True,True,True
18717,22.21961075552815,23.39745720155382,17.9157420748394,10.721185889336391,105.63342390854447,45.11372306054499,True,True,True
29244,46.41220200193808,42.54686412022815,21.17810181316632,11.922700882650968,192.0880074648809,50.16958303918784,True,True,True
12619,56.43481540034206,53.43483511704982,32.126576633735375,34.57269280755145,241.24436005070038,145.47857903746433,True,True,True
18066,26.191154739503304,21.19919982327632,19.3225066365439,10.162884122527903,95.70886452162735,42.76444271488258,True,True,True
13789,25.42847355669867,29.226285501825473,19.244810897687277,12.040999532229453,131.94906519506114,50.6673724228071,True,True,True
26909,28.45983793368782,32.05623927675281,18.359697883843925,11.919108426706195,144.72556924733195,50.154466328753706,True,True,True
15868,21.869506128861964,21.06277488149641,15.574792651718628,9.967427406403228,95.09294145004763,41.941979579499154,True,True,True
28699,24.465216176899375,26.27904850898177,17.617818567829826,10.653537777095796,118.64305796777458,44.82906628538112,True,True,True
28936,54.59447136966105,52.63691251166329,22.633224095933798,14.38974707880328,237.6419473570933,60.55067707296318,True,True,True
28771,24.26084004987582,16.37891805811611,16.407782945593166,9.462435607423178,73.94654810102156,39.81702247100502,True,True,True
29848,32.686091448041786,37.45602462431303,20.209462304498356,10.78746324126928,169.10419337389283,45.3926118076621,True,True,True
25080,41.418132927529335,40.45640204909208,24.400964683236758,19.647692637176313,182.6501158075607,82.67560823601626,True,True,True
28441,33.70216642182039,42.126352649892034,26.903693827818564,30.61854974313614,190.18950772528225,128.83992385592933,True,True,True
12330,156.93201673637793,85.29915784205303,49.85497519367268,27.56815328901749,385.1034760637601,116.00414782551344,True,True,True
14931,24.135241380564324,26.24065231907141,17.516085346646975,10.545515978485154,118.46970917306005,44.37452090604304,True,True,True
14701,13.484177833405088,8.811422138069648,11.18192937133508,6.973251794607032,39.78127545783187,29.342775467240976,True,True,True
14941,26.22254811820919,19.813874135587113,16.64549599653177,8.589999659593076,89.45447993793199,36.14589558777294,True,True,True
14684,42.29381030855848,43.71153835754128,24.03258885122169,13.040190605491668,197.3462082328382,54.87187272986319,True,True,True
16207,27.744228727239523,31.784542115365255,20.26184529241534,16.321928992985544,143.49892734448045,68.68111345180745,True,True,True
22954,20.78059223616478,20.66891225335241,18.689106989192442,27.51921088434027,93.31475429055983,115.79820287564355,True,True,True
22622,19.869642987427014,26.686893531228332,15.953401656063198,9.705361990189507,120.48437199403124,40.8392334157029,True,True,True
25739,18.04393798824938,15.643035752815766,14.122359998757947,9.783762883608278,70.62423119995995,41.16913686387571,True,True,True
14832,63.334063191623954,68.71481024913471,33.708515869312535,29.2544510863178,310.22946713030007,123.09992739787211,True,True,True
28352,24.301055771301176,21.80476217373771,18.97260232263082,23.426593393962996,98.44282077671538,98.5768605764428,True,True,True
16065,27.1444657189694,24.48886274122614,20.69815633679077,11.244291728573437,110.56083559414779,47.31490231499356,True,True,True
29114,23.97539551572848,24.72498755386368,15.727018384745481,10.539295046451555,111.62687760947459,44.34834382005282,True,True,True
22645,54.0296957902658,47.07741023501869,48.07275223025896,37.513238827768426,212.54224290415314,157.85211496643308,True,True,True
28020,39.900853511818056,40.482751953978905,22.7374230472238,21.550682067557297,182.7690787636154,90.6832054398612,True,True,True
13873,32.75183232419489,37.73478868902964,19.379407373203335,10.164439779226047,170.36274050425035,42.77098876922599,True,True,True
29038,46.84601067259994,53.63375095565045,22.639344495486426,18.855913347896426,242.14241324169535,79.34387684451261,True,True,True
22219,22.18693748051327,31.67152853209946,17.710913919878063,12.000367273164096,142.98870045761404,50.49639576950403,True,True,True
14818,45.757215823560294,45.006645295818274,27.98039049484817,24.852278525379685,203.19327866615114,104.576007019211,True,True,True
15228,46.76605635381735,36.414250271259455,42.30311893676965,29.30340955078357,164.40085356627262,123.3059399257936,True,True,True
20043,13.896307662981396,10.899578878125869,12.95245919881952,8.613181383921154,49.20875914589667,36.24344206278024,True,True,True
21127,22.789541534930734,15.838300883245832,14.797288519925994,8.869149060074447,71.50580239462407,37.32052952060676,True,True,True
20543,23.880419548553583,23.18603399565264,15.855251195432965,10.12858093776931,104.67890321252715,42.62009819989445,True,True,True
13166,44.4268817358272,42.89937322703424,20.876662620942557,10.274990594007424,193.6794942486839,43.23617600631374,True,True,True
20642,16.813351534957693,13.628881567329012,14.768950485475363,9.212793015704746,61.53084976710228,38.76655036249472,True,True,True
20673,18.51248544217913,20.65493023108475,16.823770826636128,11.070990898333216,93.2516291025287,46.5856690247289,True,True,True
17712,28.897568154304345,29.10404455250537,20.937802796732914,17.848841526406297,131.39717915431413,75.10621510394219,True,True,True
21223,16.258010501617914,11.160096013667985,15.03100433521823,8.412408552363202,50.38492614460508,35.39860922297323,True,True,True
13036,35.85069839356856,37.55470400608623,20.544221046067786,11.06632819977365,169.54970507527503,46.566048835908155,True,True,True
19663,30.022445615756084,33.05788793024987,26.482197474948816,28.483754745793227,149.24775197474605,119.85691103484241,True,True,True
29632,23.362166641784924,17.541405682573153,15.547984979352552,8.991785225000724,79.19487688157609,37.836570753246356,True,True,True
17437,24.63396694906505,24.740333041160778,18.63507570879562,11.044324453656893,111.69615848691241,46.473459180355846,True,True,True
21646,30.35501304565966,41.23910684568478,17.894609597437004,12.252001305594304,186.18382405891023,51.555247669736055,True,True,True
26180,38.21385838854219,45.18722540748942,22.030931105891973,14.010210012851154,204.00855082676628,58.95362146164257,True,True,True
16383,23.34564395581922,18.003323042118915,16.190087721165852,9.061365295957655,81.28031342415785,38.12935702559392,True,True,True
25425,33.897051021381884,39.1458991575575,22.69491635928119,18.65578360531341,176.73353665614542,78.50175006149988,True,True,True
14538,20.187852932134483,21.16583917434326,16.602556667399128,11.448579746874389,95.55824988259829,48.17452672383656,True,True,True
20311,29.620861350638826,34.956970516732696,20.067496923125887,14.62332480544332,157.82161511582078,61.53354976834582,True,True,True
25465,35.436473545220316,29.160577805725204,23.794700156020937,19.110207266812413,131.65241206491874,80.41392129224177,True,True,True
17276,21.289103294398732,23.593201324597942,16.563282886802046,10.356902719716814,106.51715763007695,43.580854383565786,True,True,True
19325,51.97041277872967,58.55239163822245,33.52848536113366,18.979529772505767,264.34879455057694,79.86404291598306,True,True,True
26758,22.906482679465448,28.156776193222978,22.82878815391518,35.957799813122946,127.12050928847147,151.30697661433362,True,True,True
20373,37.892755809195094,34.55744722263171,26.10976504588877,18.515297683379888,156.01787152421778,77.91059876150068,True,True,True
17659,28.357240342920168,16.478920489209393,14.695406564666483,8.775838655773228,74.39803302541156,36.92788827907213,True,True,True
24740,22.56921468100743,22.862713814057088,17.544794028598634,9.96830726815085,103.21919682193686,41.94568195343647,True,True,True
25089,23.24447483112902,17.8940927320659,18.04629895119686,10.354869536890604,80.78716703025289,43.5722989450257,True,True,True
26823,36.48944499620043,35.43079549261906,22.27274289011304,20.926416161926756,159.96081144408402,88.05635431784417,True,True,True
12093,29.919200469574722,34.09519862647457,18.33511801137486,9.926956753219656,153.9309395346273,41.77168294826371,True,True,True
29104,29.192402815464938,25.654566382297386,14.811074565882445,8.847107498812685,115.82368385189929,37.22778074254722,True,True,True
28863,25.73441899006675,23.873818263122374,16.08647387654453,11.23362542240611,107.78407000297791,47.27001952054538,True,True,True
28041,24.021449941599172,24.134754750162948,15.323854804581126,10.486484612433713,108.96213026445508,44.12612257330084,True,True,True
18327,25.92468566959592,19.9490116510392,16.445675718783626,9.447309380254854,90.06459061503368,39.753372756275105,True,True,True
15752,28.535191967162724,27.90465193794956,22.412694640839195,17.049470775486522,125.98223395771653,71.74253956917103,True,True,True
22397,34.05662251472351,41.818095255163996,20.912698739626798,19.20405747406684,188.79780589333754,80.80883397288675,True,True,True
24218,38.57437485903603,52.65291113315227,24.483762994445225,24.26826429385299,237.71417696525714,102.1185310854416,True,True,True
12862,24.280506072967526,19.041873207451584,18.561463496676357,9.771372075948753,85.969096864163,41.116997532367215,True,True,True
12543,19.630389665246174,20.940827680888063,13.818670070968789,8.857738359265165,94.54238160820866,37.27251438482326,True,True,True
27462,45.17133362438984,34.7284368681506,24.270177609789457,12.760183365846572,156.78984522860262,53.69362909201518,True,True,True
13391,18.849698931944324,22.14765044616839,12.728783484359463,8.637505004111864,99.99087199967191,36.34579352617619,True,True,True
12475,44.803856220473556,41.70331600389526,39.75110397410103,34.7433854645324,188.2796074754184,146.19683738453458,True,True,True
16641,23.94179409470553,12.511978859002319,15.9550974809614,8.938558645160963,56.48832500738438,37.61259840474531,True,True,True
26335,19.178073553754842,17.59103584731327,14.11528067527142,8.027483594401467,79.41894414604344,33.778881878272514,True,True,True
12886,20.2020269925539,20.710194226613236,17.907280902676252,27.64796011355598,93.50113164531581,116.33996729714035,True,True,True
26389,24.74246131077973,25.120151123370874,16.368912297637355,10.132800839133296,113.41093818030427,42.637855140539145,True,True,True
28738,16.086024604505756,14.395213445986586,13.105869389713064,7.879540192892721,64.99063855934295,33.15635021869752,True,True,True
24934,57.88613116367198,52.676031500217505,27.627825063984528,18.201834325317677,237.81855939938595,76.59157498267481,True,True,True
18679,70.37099438795293,63.28692080447851,32.90502262497004,22.118408933095473,285.7239603268511,93.07214569799022,True,True,True
26708,46.99255152188002,49.725312245915134,30.802060515352547,34.0351288392605,224.49683066879007,143.21656136114305,True,True,True
18042,22.453692770754056,19.568459290477218,17.025408455783612,10.008233184291548,88.34649584617259,42.11368638338498,True,True,True
20303,20.402210097968716,20.997151506162687,16.409658376323172,18.657484358977253,94.7966690061995,78.50890666997368,True,True,True
17770,56.35240951983733,48.762264368385495,32.47985788425671,24.98570714336433,220.14892038884065,105.13746186033056,True,True,True
20804,32.53298823666942,20.649347778697432,21.999153269669495,11.789901729784454,93.22642578430488,49.61077692697839,True,True,True
15589,32.28018429453096,27.796509627565282,21.366125747753028,11.675415714677298,125.49399959887718,49.12903074393844,True,True,True
29735,54.78905924123172,53.980247904256395,26.205711444203843,20.36976184424313,243.70675669747388,85.71400628026245,True,True,True
17669,35.34723261912247,43.997083106060934,25.58648819308412,27.2114523538219,198.63536838410593,114.50318446456129,True,True,True
17646,45.33343433695184,57.57017608875761,21.3388184500417,13.075323251743725,259.9143472252798,55.01970753934783,True,True,True
26143,24.991094640264606,29.90710687637271,17.795685239764488,11.927961798699272,135.02279633789533,50.19172046988793,True,True,True
26511,57.33591343692739,66.65368932845075,30.474090095919276,30.249191145410286,300.92404312350163,127.2856982637391,True,True,True
13502,17.82213542701303,15.936916786425957,14.615714894318778,16.58253598362637,71.95102750669558,69.77772270051994,True,True,True
12305,70.9485704294638,63.89585275766217,50.2742022255988,30.081536691375486,288.4731294604028,126.580224383586,True,True,True
18990,15.991964374809932,12.14899190965671,14.717147471110746,9.108292792791756,54.849533494136196,38.32682343630171,True,True,True
24775,28.622576828537262,26.691055280016982,17.95435443783629,9.489008718271952,120.50316120561972,39.928839575573754,True,True,True
29752,20.89703440489765,19.48916308612163,16.77127586357825,11.03636737366939,87.988494141249,46.439976550110266,True,True,True
24269,22.070121615418785,22.990746013277736,15.529379891951333,10.312577521627057,103.79722884728533,43.39433819665646,True,True,True
26545,25.49838769076345,23.054210470095754,17.48050446629224,10.48063760188786,104.08375433646275,44.101518913106865,True,True,True
17806,24.735400604401455,22.71870504623539,13.266683525225961,7.885491997052129,102.56903475146852,33.18139484037741,True,True,True
18393,26.348519336689197,25.49284629088938,18.43904546064126,10.77282987861546,115.09355976947994,45.33103601958947,True,True,True
27209,35.45506436201422,37.564500066930904,22.537579517925337,18.43006751817245,169.59393173798136,77.55195839193138,True,True,True
17135,21.592468188073884,16.440842573234104,16.656447383778886,9.725161008017981,74.22612115459918,40.92254578584593,True,True,True
15008,26.398612191756737,23.4684839427888,22.425910198654318,30.149577161057486,105.95409114178634,126.86653216127281,True,True,True
16416,30.43226881495873,25.045735294559936,21.26277761576935,10.64584835909415,113.07497009956046,44.79670995112821,True,True,True
12524,153.26751925963288,90.1858770654144,47.60606504087231,18.642558548819117,407.16574030028085,78.44610029082133,True,True,True
12657,12.58733434699029,11.940138200206617,10.00128593324921,5.904390032532244,53.906613405206684,24.845107576582585,True,True,True
18041,28.94678414101363,30.536589335030772,17.114762627564925,11.34053842300957,137.86474564997715,47.71989918409955,True,True,True
26810,24.076510716823645,21.542842982226812,15.347376473328087,9.340316427139935,97.2603238605626,39.30315666021271,True,True,True
22208,34.36670847435025,44.085592351618864,30.326101783696842,37.87047437010329,199.03496456993525,159.35532790300834,True,True,True
22649,19.915989771225465,24.55908013359699,19.527443244599624,32.836066371800804,110.87784882811451,138.17102137632904,True,True,True
27107,29.49272727347466,22.575592999781165,17.235791500087416,11.364092550276998,101.9229211443662,47.819012694996935,True,True,True
16731,22.944984819804187,21.657135105609296,14.784872683535964,7.662689138699355,97.77632302297876,32.24386175844266,True,True,True
18793,25.479994146070496,21.023228899729183,18.23910473997652,11.000076244062233,94.9144016446358,46.28726695365788,True,True,True
20333,34.74992079477038,27.50605658238967,25.31107178886805,20.155567713719968,124.18267976688598,84.81269790026064,True,True,True
13926,30.306772986146147,25.287106515261208,19.295799517448856,10.951488146631792,114.1646982805342,46.08281289473741,True,True,True
28448,29.889827426208253,19.89466466193011,20.09882041965064,9.937649888750892,89.81922811733747,41.816678638104776,True,True,True
16778,23.27331107667762,18.519768642772455,16.9711830852406,9.781499887364001,83.61193076999129,41.15961439249006,True,True,True
25194,26.705030067384637,26.402044906371483,18.72643217445799,19.351653720725952,119.19835465975137,81.42990483811425,True,True,True
18748,29.510617178742283,30.14352915314186,18.689018440478574,11.78968612454982,136.09018132628287,49.60986968080749,True,True,True
13313,21.98588083288228,14.294079256367688,18.84181543315059,11.879006147637178,64.53404404004833,49.98571978049958,True,True,True
12076,11.891423999679642,19.598795636293506,11.54092314216144,9.010771158639043,88.4834565445016,37.91646174301615,True,True,True
12099,22.06358717287328,18.766056479445137,15.860284647632643,9.370490140031762,84.72385619123048,39.43012475321669,True,True,True
15021,74.20258996522438,61.928944174016145,31.47801857636234,24.233095773204724,279.59304961173285,101.97054531993473,True,True,True
19346,15.866507219379402,17.79227733278617,16.350833573319893,10.851524912173627,80.32749702680401,45.66217718128825,True,True,True
17072,23.303818533134155,17.703496896234718,16.98165099009591,9.95650667334126,79.92667648428785,41.89602618105414,True,True,True
13666,34.52536058526267,46.094858620317325,22.068167088379315,23.239053937217562,208.10627833186274,97.78771251000047,True,True,True
20276,19.522920107144603,15.572100257420942,16.07529945176111,8.72758449205934,70.30397591791561,36.724839381237814,True,True,True
13913,50.60035333366567,52.80305106922566,29.51589730059194,28.787106754945903,238.39201966312896,121.13338722619224,True,True,True
25243,25.331564922266903,27.152860942675662,16.503874479568605,11.822498760966152,122.58809346585487,49.74794211117595,True,True,True
13798,31.178359925040517,38.461363222951434,16.324078138865364,10.070753882175575,173.64303524233912,42.37676749017723,True,True,True
21734,29.081899480410943,30.675652193555962,18.02027825448161,11.202549319236638,138.49257822844854,47.13925425570813,True,True,True
14311,71.49303337816183,56.526245004352155,46.82786098815229,35.57543479121109,255.2012703374638,149.69802123527168,True,True,True
16269,29.361965587975018,28.249685352307093,20.410375073992185,12.678943750422256,127.5399699376341,53.35178057361171,True,True,True
23315,28.86183087176235,27.343810507488254,20.936069181325593,10.993402074452515,123.45018100601975,46.25918268737056,True,True,True
24021,22.298261542470154,22.809271247994637,13.12280577381267,9.156651877633125,102.9779175586817,38.53031383218831,True,True,True
26676,43.09588935001212,41.98969634991593,31.59217283522051,29.122843395123763,189.57254013171868,122.54613484223039,True,True,True
15406,26.72018996101553,30.71203966436045,19.160148470854004,17.356849749770454,138.65685817969876,73.03596084398282,True,True,True
22486,61.86178833200643,50.2794859924843,22.982160937799346,11.394306773127257,226.99878076473635,47.946151250024876,True,True,True
29410,18.965127505304306,12.046575992111068,17.893924114702838,11.754884949974889,54.38715230715991,49.46342967238298,True,True,True
23680,23.683449771565346,24.478928229012322,16.29548914965895,11.45669625560064,110.51598385957823,48.20868021494045,True,True,True
29660,24.538610026155148,24.37718001252988,17.13114503784894,10.578474394506019,110.05661716895706,44.51320676302071,True,True,True
24705,29.244626656271095,36.179442590850165,19.826913923347163,11.1215043494547,163.34075805982548,46.79822478751943,True,True,True
20129,21.425657911710847,21.904776211890198,15.715867266882164,10.02533779250667,98.89435810395389,42.185660936017605,True,True,True
20505,23.40998117920028,20.396828033062377,18.597458213390112,11.063799500472738,92.08636491759779,46.55540831151634,True,True,True
13925,20.909652540217863,13.685406359883109,13.773056478912977,8.454634583865136,61.78604448000522,35.57629231799529,True,True,True
12814,20.131782809424315,23.232526332940314,13.40251038788798,9.623853223011203,104.8888040034935,40.4962523325052,True,True,True
15102,59.160699504996316,57.43428476895198,49.865094190145555,36.66704419995007,259.3008333178982,154.2914090437153,True,True,True
29882,26.2855268289379,17.889093510299524,18.272277136274834,9.919385488538067,80.76459684634311,41.7398237918617,True,True,True
26223,43.35160885672971,44.94405053192382,22.173481631858582,14.597918946155291,202.91067961395677,61.42664434651415,True,True,True
18557,37.73485433182094,32.76587178198771,22.830889560646856,12.639741223071661,147.92937513952876,53.18682009438644,True,True,True
24330,23.559556397797692,24.277586923703193,14.969136947076395,10.917264356111541,109.6069803182615,45.938802463097716,True,True,True
19441,18.868971400682746,24.037011784691483,12.501402421024347,8.086016516794428,108.52084623872601,34.025182807854094,True,True,True
28166,25.18568623848763,24.86886622687176,16.25572365072453,9.354538468134317,112.27645233575092,39.3630016461498,True,True,True
29808,25.243960624725286,20.300980541864632,18.177592412094025,11.942742047031805,91.65363846441768,50.25391433882394,True,True,True
13268,47.44935077777008,52.61794740286639,26.324138784868804,25.864787230381204,237.55632483154463,108.83654664470731,True,True,True
27076,54.42327508675257,52.605504895870375,25.830325618329923,19.245725071630975,237.50015015390025,80.98416723140028,True,True,True
26873,23.968506786133865,18.994844940753616,15.191015331613047,9.565457306280317,85.75677649152607,40.25052790962358,True,True,True
23478,68.63518510797178,51.919763178255785,37.564385083265364,30.19438431464539,234.40420494393337,127.05507637074376,True,True,True
21332,49.96000070276042,39.969475384482315,26.488994801999706,19.796925795115605,180.4517687678798,83.30356706708363,True,True,True
26508,19.664789501630658,17.108671746107888,13.436737985997787,8.459298027888561,77.24119589152335,35.59591564365653,True,True,True
21838,40.59281335639661,38.47145598629046,23.30064177852101,21.35163681716563,173.6886014395124,89.84564209608801,True,True,True
23151,15.384395856835459,12.527657475053411,12.119215934875895,8.086780810015362,56.55910987436191,34.028398880503346,True,True,True
28246,22.189027734553765,24.037813628011698,15.011087228424621,9.638884167266617,108.52446635242566,40.55950110586634,True,True,True
22248,33.603810920671705,36.222865119166315,17.33042862119789,9.025985590844948,163.5367994630125,37.980482616093575,True,True,True
19759,22.417994001702922,19.92100132995366,17.894000126014348,9.491979920865386,89.93813131240286,39.94134211142572,True,True,True
21870,32.61005600371833,30.235701164019435,20.090387295466854,11.328468836386822,136.50631394333016,47.66911151993868,True,True,True
13305,21.548887885504787,20.558587750900692,16.66584463649326,27.334645588987893,92.81666790302675,115.02156979539852,True,True,True
27141,16.84054359025746,12.762754536586773,14.518776596269657,8.124348228469643,57.62051186119651,34.18647897814737,True,True,True
24761,24.515886492086878,25.81489983035273,16.84240692870419,11.184170007923182,116.54754760082086,47.061915874562864,True,True,True
23880,37.168774129491005,44.58008006295177,25.4636505236627,24.526770699193648,201.26744776581546,103.20630127246122,True,True,True
18518,40.91743585505676,40.634537280987004,28.978453654680298,34.23776799418753,183.4543499729107,144.06924751088079,True,True,True
29634,20.61842491486033,18.880285336037936,14.479680989633136,9.90061386745636,85.23956972057307,41.66083460879756,True,True,True
18239,27.028077867909193,24.27383865366541,24.02647804861989,31.0225999270635,109.59005785551635,130.540128319168,True,True,True
25770,32.48887451493272,33.770700508213864,17.32203467066118,10.343335634228843,152.46591506686244,43.52376538765053,True,True,True
14403,34.85803331251862,27.255070152493445,34.18917857829429,40.30801164697594,123.04954142129004,169.61225123160798,True,True,True
27985,22.543044948040027,19.411870398782217,16.894923985622587,10.683933301170338,87.63953779370999,44.95696773859096,True,True,True
28935,25.899946564485504,20.661519261529143,16.002265460975757,9.930424786441204,93.2813768584529,41.78627609979905,True,True,True
21385,30.774077955725737,27.910280910950164,18.88025347816549,9.29074311697799,126.00764730439008,39.09455692050808,True,True,True
20557,26.92467772625173,30.155225596326922,18.071793670640616,10.102205027863437,136.14298772018057,42.509110898000266,True,True,True
21238,22.483813502168232,23.65273261157837,16.460510044268766,10.85970761290714,106.785925882082,45.696609202017065,True,True,True
22088,22.84764952533544,17.839706158133556,17.182767070624504,9.74102682132927,80.54162581739207,40.9893076082081,True,True,True
15913,41.45718645576097,33.62718326193436,36.119573311125066,39.81864161124523,151.81797208810903,167.553029006197,True,True,True
26881,21.71259876712889,20.398655218351696,15.973336622537431,10.094841205434548,92.0946141831724,42.478124638723266,True,True,True
19116,33.081733387370114,31.810502318927693,21.10918208960833,11.815925040408235,143.61613090057804,49.720280524874916,True,True,True
14461,25.433254820541805,26.213620971202584,15.91162591221561,9.798679677149988,118.34766967946683,41.23190530196998,True,True,True
19652,43.67466558603775,44.90559984278816,23.405278261132885,22.31313731540566,202.7370847694378,93.89154407446156,True,True,True
24808,26.597117954648528,29.72223560478163,16.22761712135579,10.428043637014827,134.18815070814736,43.88020854777704,True,True,True
18401,58.82663989895903,51.56855393100991,45.455325279905125,39.0286865983923,232.81858668741359,164.22897399512001,True,True,True
24890,22.863000238971285,20.257995697812074,16.54312655928357,10.966456641469168,91.45957309165807,46.145798886930514,True,True,True
15277,25.615331585903338,23.197619742769525,19.974255862015003,19.252508186668507,104.73120984251486,81.01270992961012,True,True,True
16865,12.442661625248268,11.308622577137735,10.048629854346064,5.00618189196264,51.05548488547704,21.065533775452238,True,True,True
27682,13.704471492422261,9.06844064400459,11.75845488748486,6.2835422393585905,40.941647055304585,26.440543737574007,True,True,True
22351,48.823085819031206,46.19060520454574,45.183094930976885,28.889157752071238,208.53854921636395,121.56280804492313,True,True,True
16013,27.67067111186486,23.475430544424423,16.63493029841509,10.202336013496954,105.98545323848677,42.9304524923236,True,True,True
19618,34.852407185047994,20.936692143049715,19.75563067607005,11.48987130082082,94.52371073223247,48.3482776268343,True,True,True
12691,16.94053307428392,21.78729263450114,12.565479064198486,9.99968331455532,98.3639503581153,42.07770935067001,True,True,True
29560,20.304958466820526,17.566101779937355,18.43393023033773,12.442817135205399,79.30637332750554,52.35818239929851,True,True,True
22159,69.17952803391819,59.34342572384001,25.723830498943176,18.585293497580274,267.92010737198035,78.2051344415857,True,True,True
27484,40.2974432388814,33.870256030105644,40.33846067115294,43.69867366459378,152.91538231263357,183.87983215349684,True,True,True
15212,96.63756869169481,66.48672488663442,48.23962370296456,33.229713925211534,300.17024216521344,139.82745256699576,True,True,True
29638,22.69369361488709,19.356949429804157,18.013223490258273,11.288685185262526,87.39158392643496,47.50170572754924,True,True,True
20402,29.054705543534705,23.530918713843068,18.210472393105192,10.933674186426266,106.23596786798761,46.00785345688986,True,True,True
27502,28.845695330168546,31.439085287109208,20.275353516788968,11.929826949596837,141.93927976111618,50.19956884617088,True,True,True
27152,37.78248145823972,36.134928274547306,24.237704302466085,17.339075428157013,163.13978751830413,72.96116820153313,True,True,True
25592,21.798455607372656,21.446291317576307,14.693185496155973,9.92053391116334,96.82441824769006,41.744656244242236,True,True,True
22959,19.5972418362278,20.124098115383422,14.742203056032498,9.10697629319161,90.85506038913773,38.32128373211381,True,True,True
19127,26.14233534953869,20.448312524395615,16.17143246721688,9.632770436380593,92.31880398355571,40.533775112034526,True,True,True
12340,19.905716877411255,22.46861337771835,17.413535485903495,24.907280017168098,101.43993602040209,104.80744802714347,True,True,True
13813,22.254956718525847,15.76564614930215,14.110927710885349,8.757636462782214,71.1777851984167,36.851295194858565,True,True,True
19184,26.80569475603618,28.05811540612553,17.78541982635104,9.370279730335808,126.67508153720611,39.42923936937478,True,True,True
22542,85.23384484984314,55.00120677772126,38.98307841170466,27.974668201343455,248.31612003746716,117.71472362971586,True,True,True
19675,24.975859821678135,24.0644268088017,19.905478582433215,12.933808719047226,108.64461793059623,54.42422794380586,True,True,True
17928,18.11477561413296,13.472182384152244,13.007187183442513,7.414493885243808,60.82339377733195,31.199479910677834,True,True,True
12698,23.285509573798993,32.29579428078515,19.07050728514549,22.92792490352803,145.80709768319466,96.47851134449084,True,True,True
15652,78.53478782424878,58.625588305282434,47.11902384625878,33.5443112820655,264.67925843362343,141.15124810409262,True,True,True
26555,24.019108224696996,26.048645580091957,16.272781080103258,10.450967493200693,117.60284876694008,43.97666993834741,True,True,True
21987,22.100591663854857,17.028848028015364,15.817531845456047,9.076290220186978,76.88081259950204,38.1921596768427,True,True,True
16828,39.360849391505916,32.22222264541362,31.29660525345667,37.29628430316235,145.47494091590588,156.9391911125947,True,True,True
27029,21.950707957013815,22.5957981922115,16.80039220889718,9.681102330320044,102.01414232446116,40.73715109121093,True,True,True
15395,20.98803943567975,14.404174829191454,16.223221650793743,9.078622618991735,65.03109686995049,38.20197418755361,True,True,True
15889,37.31052326664418,31.432650467823766,35.104221991981305,40.11845595096805,141.91022822840054,168.81461902351853,True,True,True
17919,31.32746161219992,35.153210224807275,24.243225340746868,25.1444620876296,158.7075862746591,105.80548745600642,True,True,True
27585,18.99889241247301,23.569497860194296,13.542890698024875,9.270524509321277,106.41014266337001,39.00947895656735,True,True,True
26471,18.423667528470425,17.449388799792423,14.364838966380722,9.328345877864583,78.77944462747311,39.25278573572123,True,True,True
17998,28.07118761739443,31.540974772883544,21.54945742748821,23.159648177056628,142.3992842457877,97.45358067884963,True,True,True
27450,26.000482561433262,24.22781893276424,17.874591481858733,11.133306115146782,109.38229080441204,46.84788548686311,True,True,True
24143,24.15869101582728,21.154308851333393,17.419042338380226,10.176285940611226,95.506193478015,42.820836281392815,True,True,True
25626,36.0241101506122,31.9575997939576,28.12068780054657,29.128062781031527,144.28023767944111,122.56809751807796,True,True,True
21278,37.228179177325394,44.70910374962047,22.334398978941884,14.554074725613544,201.84995609869586,61.242152067045964,True,True,True
19549,15.351528608292728,9.174063804156027,15.167416271666076,10.781820422476063,41.41850810711563,45.36886736680026,True,True,True
19074,20.511169240912036,13.619617877186805,17.036795877874027,9.410021733122548,61.48902661942775,39.596469909549974,True,True,True
26452,49.26984896348705,43.371350011016816,31.18424987656118,28.38140669212143,195.81034647198072,119.42624023062403,True,True,True
21814,19.149183581413958,21.17840773714976,15.311200653734511,8.577907361904003,95.61499366938773,36.095012357620845,True,True,True
27402,22.90376056843227,23.32954367621657,14.324461440681523,9.420627893352153,105.32681203404569,39.6410996156546,True,True,True
20462,26.06743545785274,19.36503683110482,15.638664668801907,10.320698552258111,87.4280964364292,43.42851071550253,True,True,True
23173,25.481448647709225,23.060745456522245,15.117746304649563,8.735792147638543,104.11325809772534,36.75937640956644,True,True,True
18832,29.733624494055412,19.806887230154093,19.28182198364756,10.209093825433929,89.42293588008599,42.95888871751052,True,True,True
12153,31.365685858295205,43.97225562759375,19.755269164625602,12.585042734909283,198.5232787867231,52.95665409668254,True,True,True
23178,40.37759244602073,34.02232785220034,26.89408965022736,29.2425559196014,153.60194697260897,123.04987367596655,True,True,True
14206,35.089655404884,18.829249823841668,29.8800795890516,23.159167025300423,85.00915767845338,97.4515560383571,True,True,True
22201,61.181362294305146,73.55250268076755,22.77651922568768,17.93821516367798,332.07038817431385,75.48229080698533,True,True,True
21233,22.72201219027074,19.788055281045857,17.115494509462497,19.042928562868372,89.3379145358417,80.13081895179799,True,True,True
26000,17.10287919877677,16.615756266521004,13.127664157651296,8.348978093851493,75.01581091238864,35.1316999306209,True,True,True
19260,45.65183219541347,39.27310578105501,39.625013720101876,28.765413686377897,177.3078414221776,121.04210487200008,True,True,True
27828,22.922968427665865,26.463570501691553,16.117587876050948,9.593517651724985,119.47612669436542,40.368603154884745,True,True,True
17880,21.86571031974865,20.49462329346951,13.399975728760456,8.812757591179189,92.52788504133785,37.083239622177864,True,True,True
15739,24.211531226358478,21.53832493861346,16.616713466080157,10.514753850405038,97.23992607066025,44.245076818300866,True,True,True
26232,73.58412249158404,52.55276442275671,35.709624277737554,27.784372147805545,237.26204065740407,116.91397606807134,True,True,True
19456,22.731634756945436,22.615924843424647,15.981168998532937,11.195626625257773,102.10500891142159,47.110124222685755,True,True,True
26393,23.501551244077774,26.67641227710185,19.31891742043949,12.741850812969947,120.43705186215972,53.61648746589232,True,True,True
22269,23.154466472975365,20.04659777347072,17.60112020634251,11.038250346332388,90.50516653529715,46.44789991867471,True,True,True
22275,30.057229185031154,30.18176574651909,17.38409914228844,9.533680700540069,136.2628095842274,40.11681499708136,True,True,True
12788,33.75152128948102,33.655375487746305,26.023288898269612,23.889936515951838,151.9452526431909,100.52656404238157,True,True,True
13719,29.020250446640897,31.444348782765886,19.942367028023206,11.964801268601061,141.96304307279374,50.34673742976545,True,True,True
24380,35.1127291349112,26.19989142187393,21.251267540778276,12.140305382255457,118.28568434098266,51.08524192554757,True,True,True
14867,26.784287249014973,25.428162517640377,18.371329151629272,11.795874578573542,114.80152938426517,49.63591010244375,True,True,True
25556,27.115639482107184,19.452434545284593,15.717546796923891,9.134978624801773,87.82267434765524,38.4391148607175,True,True,True
14423,19.283507020010678,17.331476266120237,15.905222030528826,9.14031051156231,78.24710025576518,38.4615509293752,True,True,True
17269,18.443877473186266,15.568694204149644,18.653216497151714,23.09463012659957,70.288598474719,97.17999095169326,True,True,True
18889,22.252227704694437,17.85155389023043,18.020539794553407,10.158586247228781,80.59511524131378,42.74635766738926,True,True,True
14924,21.57582982845245,28.98832543995206,14.91178605258097,9.087902630506026,130.8747375075418,38.24102358691817,True,True,True
26956,23.077458839084237,23.868932923854818,17.442184441810767,10.101754764792013,107.76201396888236,42.50721623413394,True,True,True
15937,24.66241935185748,23.755098771078,15.545055093806535,10.594355375861817,107.2480824244432,44.580032411060984,True,True,True
19895,16.572203576236564,12.295211203117283,13.407360691498239,8.869753974872216,55.50967551199201,37.32307494412087,True,True,True
12504,79.945286717959,57.852258506495915,50.836893556078785,34.18190049143509,261.18787585505413,143.83416241178136,True,True,True
28921,33.20154105870164,42.85512742937783,24.446997495803398,24.321920769296472,193.47973599889852,102.34431239345622,True,True,True
23014,20.571302127761122,20.640116131679743,15.663489877385409,9.400433354163145,93.18474730298988,39.55612292952006,True,True,True
27711,32.81382993707777,38.011004525577,23.01270577828458,18.92220244821992,171.60978304827188,79.6228150277318,True,True,True
23223,26.16061063290457,25.934320960572595,18.706913860896623,12.559293476170073,117.08670289293161,52.848303682860276,True,True,True
13148,30.14230778854323,24.55286679548896,13.75803060875422,7.426936994090493,110.84979722521602,31.25183932057109,True,True,True
14113,41.29942331565271,36.78734416447392,24.109125248441536,25.022497406322454,166.08527529809209,105.29227176210348,True,True,True
29492,21.82412318742417,19.575766374876117,16.46050263029969,9.430276805168797,88.37948542863855,39.681701312148334,True,True,True
29684,18.141756668766305,18.670077323304792,13.869308794942008,8.491337571120436,84.29053530513504,35.73073497197233,True,True,True
17741,29.682721246439687,24.846899528357675,20.183921808160573,9.784828151769233,112.17727841458415,41.173619410237144,True,True,True
20244,34.60024612377876,33.451427418024814,24.61956537329375,24.763516531147584,151.02448023965005,104.20250505147891,True,True,True
23362,19.81394145031358,16.625487053166882,14.070553398335162,8.354789713407827,75.05974287909225,35.15615466892167,True,True,True
27810,27.447215714202372,23.353014978480573,20.000999825201756,19.42030398350286,105.43277884917354,81.71877856672215,True,True,True
26746,24.876138927314006,28.689937360078034,19.057145723482897,12.521355536705158,129.52759306107194,52.688664468301916,True,True,True
28143,31.7588864650424,28.741789641499054,18.052570800894664,9.541564002014805,129.76169260346188,40.1499871744137,True,True,True
19085,17.090343159849976,16.24921876412407,13.499170628539233,9.145515412120469,73.36098957708118,38.483452652259416,True,True,True
28125,37.47318622065081,37.08329873764922,22.970134917352468,12.805469181850853,167.42143309577887,53.88418746707516,True,True,True
13692,28.84930848284081,35.01261168795062,20.1384956856659,11.553952500132068,158.07282050858626,48.61792517412575,True,True,True
23637,25.785186618966073,24.02939349772632,18.59184678177802,9.745085524033993,108.48645165774587,41.006386240338536,True,True,True
12671,19.76733467287608,31.984567092434652,13.101077253172654,7.5960866663759194,144.40198800671624,31.963604935870855,True,True,True
24581,44.45606564014098,41.012138328865774,37.077936824354076,40.57452374687908,185.15912033386428,170.73370861434708,True,True,True
16143,26.84466290566568,29.10935049876764,19.04842664031044,10.087660619971746,131.42113411941696,42.44790942304422,True,True,True
21887,15.335050274123748,12.077741461690033,10.90257290427147,6.578521797560087,54.52785628327938,27.681789457458443,True,True,True
16657,21.3397897362432,22.263402332801707,15.920317935393378,9.9596700168677,100.51346161287735,41.909337227543794,True,True,True
23620,26.629750292323497,26.068874711016765,19.05983015364633,11.118659417244782,117.69417802310129,46.78625358534376,True,True,True
28857,23.17244513128836,20.44211728716877,17.12919241881285,11.125855033252398,92.29083410142023,46.81653204811535,True,True,True
12709,25.8754617936223,20.574527846989202,14.627553512756785,9.093467881306312,92.88863328425411,38.26444162909728,True,True,True
21111,44.444672980350845,29.459407355671235,24.275431505285784,12.553782166219596,133.00154963375473,52.82511261860927,True,True,True
12828,24.015159041267253,23.396632019810802,14.845657575232043,9.943826182967834,105.62969842794584,41.84266789243911,True,True,True
13226,18.814082085970437,19.1142351590302,14.653336194089935,23.077911889437072,86.2957922242659,97.10964221143314,True,True,True
15153,27.917579902731585,24.257624667677497,20.608664508145253,19.21450188675799,109.51685593274524,80.85278306084605,True,True,True
16798,36.63688424404033,45.607376035562964,22.376402502917614,20.32835466640242,205.90542145755373,85.53976884299513,True,True,True
15904,45.33481153432736,35.51160347795705,38.67766512739119,29.14801341533584,160.32563844630357,122.65204787582543,True,True,True
27960,18.509870319056304,19.606482902522608,15.07803442549526,9.116895233506485,88.51816254888838,38.36302168265755,True,True,True
24555,27.53954461828134,14.900082105003577,15.467276300849033,8.40262261003742,67.26998902963844,35.3574309152255,True,True,True
27731,25.077041127119628,30.669135002164808,15.097263681251599,9.790677106257661,138.46315480713466,41.198231250355235,True,True,True
18833,51.44267606654152,45.496539167953706,34.83259153783421,28.68981855580963,205.40502187481246,120.72400780509122,True,True,True
12778,36.586543933311894,34.193432804009184,37.34058529325434,37.91656037561513,154.37444125485408,159.54925339885258,True,True,True
26653,25.925425356329207,25.436512580893893,16.52206220543148,9.229395295853696,114.83922774454952,38.8364111667513,True,True,True
25780,44.53688085235377,51.37327443208923,24.069281964108455,18.532669490467224,231.93695062275754,77.98369766138813,True,True,True
29278,17.44240869836555,14.416549452920187,12.99645643905027,8.7224183628087,65.08696507232759,36.70310080430108,True,True,True
22224,22.882964896778784,17.872938319683506,17.105876750891056,11.229877002445113,80.69166036935911,47.254246528473374,True,True,True
28318,23.692114995082235,24.33698400477492,15.168052243204299,9.109479616793895,109.87514266555124,38.33181747799698,True,True,True
20429,39.66451447416928,44.36259720978605,21.30323485498036,13.41248359024347,200.28556934101942,56.438445941524584,True,True,True
23222,32.20240847092259,39.993887931019934,23.507122078172404,18.385477071899103,180.56198505569608,77.36432606607806,True,True,True
29792,25.494816372655933,19.880566390445924,16.197136284148836,9.443982846539773,89.75557809437822,39.73937502110637,True,True,True
20924,29.591064737440185,31.79865527090558,21.892095372103448,23.69673587468645,143.5626445650757,99.71359425385886,True,True,True
27089,16.910809944127074,15.483800267562847,14.542533586933796,9.303631237984543,69.90532446705706,39.1487888989349,True,True,True
12628,64.63614777646602,52.30834973494982,42.68275240225219,31.527375540929665,236.15857201531313,132.6641757414149,True,True,True
22613,53.97371081507224,73.02114165036376,35.45420002874585,25.705903889352708,329.67143154883075,108.16798076775306,True,True,True
14265,53.06472000330214,65.46101232628945,31.37294060581979,37.252735413457586,295.5394171673567,156.75594155699383,True,True,True
25529,24.53741691157355,27.952784413004093,16.65579466676507,11.007906035170771,126.19953954342202,46.320213964495906,True,True,True
17974,23.17992302111744,19.99803873737118,17.73737717477732,11.119916588710659,90.28593513759841,46.791543642426674,True,True,True
24045,32.252467988441666,35.35440837555095,18.07469381050412,13.285619554586964,159.61594351040654,55.90461423391066,True,True,True
23407,25.561425545036954,29.373937271986534,18.368592800000282,10.78255959970821,132.61567447203993,45.37197775377498,True,True,True
12784,34.67776891141822,30.659670809102984,25.017673296527434,21.628161772256323,138.42042644101178,91.0092326141574,True,True,True
25026,30.57518488383635,24.336681079385095,18.720053121770526,9.562204059794894,109.87377503633238,40.236838560095826,True,True,True
25769,23.207715725704297,27.72372271516703,15.608208833454034,8.660929614426793,125.16538565138171,36.444362042146054,True,True,True
15700,25.243347567171668,25.56656802331095,16.750077278434482,10.507756419656978,115.42639418584733,44.21563230011401,True,True,True
23564,52.60623156493824,61.56223683577962,27.97756861253984,32.95898350434743,277.93746151185417,138.68824489379648,True,True,True
21077,66.92302070164834,48.78838773137341,35.951098927439155,29.75275097644103,220.26686056723904,125.19672559502666,True,True,True
21066,23.334346990201283,22.335960873496195,14.225645989492968,9.99310340936779,100.84104452162426,42.0500217400401,True,True,True
16638,60.38027770804417,52.37038561253413,37.19339318600075,28.55567975761384,236.4386478414147,120.15956459368323,True,True,True
22394,24.22604783971908,34.611929028935556,15.993437758175286,15.31388215940765,156.2638426864266,64.43934895378443,True,True,True
27197,34.40206102699393,35.86038998955236,17.824765841909958,11.340803371875156,161.9003186825167,47.72101406354206,True,True,True
23427,15.5928928227036,11.426081760269156,14.866578296941848,8.854017182381305,51.58578249759742,37.256856029009775,True,True,True
20127,28.390124864097796,30.92175285650096,18.481478393184535,12.38007954442557,139.60365860906853,52.09418862798053,True,True,True
21456,21.681271087063752,21.41997293289351,15.295258048941834,9.870992449499758,96.70559759714511,41.53619051996742,True,True,True
19713,54.71541552126328,61.39842724499657,31.536157232784557,21.414150680089364,277.19790388409956,90.10869444202217,True,True,True
28607,23.441453525455145,25.227416548706316,18.723796682882078,11.74148032948308,113.89521363158863,49.40702431360633,True,True,True
21180,29.914693546175148,30.73265840460441,17.14865664601352,10.960741963720894,138.7499464204374,46.12175207047037,True,True,True
22752,36.33540091780048,40.00032762202232,25.792419808801036,28.53814276519383,180.59105858294456,120.08577060974174,True,True,True
13209,38.45166813219916,33.23656919473498,25.387761344424366,13.276997080216198,150.0544513349918,55.86833168784957,True,True,True
25601,48.40369480817532,43.36916213709349,37.66798126509243,34.63130333110899,195.80046879118788,145.72520650531175,True,True,True
29665,21.42390162095774,18.430949184457756,17.233704381027415,10.66344524591437,83.21093405437978,44.870755964967465,True,True,True
20024,26.050933327336075,24.411954236035303,19.674427678734556,10.835118264877583,110.21361372892491,45.59313958133376,True,True,True
26773,27.32041823435923,23.78721292153357,17.923915224932692,9.541769210957144,107.39306944757624,40.15085067398266,True,True,True
17436,29.529989063553593,20.618948384660904,36.371546417793745,43.43826067829167,93.0891804396864,182.78403925645472,True,True,True
28304,39.19926153477845,42.12484723460255,31.233033137584826,29.71070808267836,190.18271116743142,125.0198131260656,True,True,True
21289,20.70112921808382,27.153870856395667,14.678713186376848,8.26588761460469,122.5926529632044,34.78206315457762,True,True,True
21274,22.560638109462406,24.208864680513038,15.834155530846845,10.488769522581299,109.29671729333889,44.1357372562921,True,True,True
25268,30.190905585298946,31.715858110412498,24.10119934012209,20.898363670148694,143.18883695523812,87.93831212005963,True,True,True
20503,64.96236739754504,49.9313298159558,37.73994796167741,29.75498974380689,225.426946327139,125.20614611361323,True,True,True
27914,19.710762861252338,23.948063166514363,16.772738100769146,11.032386724830538,108.11926639998357,46.423226361169334,True,True,True
25985,19.221932604088867,15.036989905013344,15.03486025301876,8.090681590334622,67.8880920803348,34.04481299036578,True,True,True
13565,22.661352876742463,17.106475940282767,14.597488938933006,9.1339646074546,77.23128240026027,38.43484797287029,True,True,True
29842,22.837838353336288,20.727673826802416,17.144692981573854,10.257134084675146,93.5800474864959,43.16103752581732,True,True,True
13571,30.00342619117641,30.75391591064503,18.739305320503362,11.474515080476186,138.84591852234078,48.28366012285337,True,True,True
21358,30.45073101941071,27.24810798851705,21.361185447070522,10.933151496585236,123.01810906467522,46.00565402811601,True,True,True
16411,30.853741335710847,25.54286798184264,21.88030907431003,12.172598159806663,115.3193946728017,51.22112683961756,True,True,True
18312,92.65110180976052,77.01812604366978,78.44009690264917,64.51624506123562,347.7167748157005,271.4781781270833,True,True,True
16622,59.72979318221114,58.05980368349987,39.36858848912155,39.101321138733866,262.12488826087986,164.5346131819994,True,True,True
25467,29.97568797787095,29.443936766499323,25.418061729240435,24.06505132229087,132.93170395394287,101.2634303702789,True,True,True
13456,25.19130897462965,24.974729625112854,18.56999255624612,10.627813647729061,112.75439799995146,44.72082161355066,True,True,True
29412,25.165137845622166,24.797453936083457,14.624883272235635,10.265508067573247,111.95404444671671,43.1962744435686,True,True,True
16472,26.93756002181616,22.170919850963074,16.67551633648442,9.290738620585579,100.09592730032283,39.0945380001196,True,True,True
20640,22.166855382002314,25.75582014272758,15.34099127462873,9.416382834607159,116.2808182022571,39.62323681516087,True,True,True
27252,29.85441911265051,25.45604258682421,14.854310144516903,8.802656265321442,114.92740063349218,37.04073421074348,True,True,True
12867,47.780889847110984,38.99780421484731,48.65518126157572,30.432546106073417,176.06492657055975,128.05723837156998,True,True,True
17517,22.340148773529712,33.2750661775211,14.797699613085221,9.200844841421661,150.22825518328244,38.71627358982703,True,True,True
19926,47.86112054470566,56.133608309123545,22.121066447143225,15.939868943373128,253.42861794571672,67.07344136696315,True,True,True
14130,23.305480863611685,18.768813343182998,16.431688504786553,9.365572101793962,84.73630271280635,39.4094301194932,True,True,True
22746,30.648637508801215,30.97307726472921,24.4369875313692,19.267229242134047,139.83537494151128,81.07465472063289,True,True,True
27583,24.53013040884452,29.873052815572336,15.427068869233903,9.508936693001024,134.86905112492857,40.012694583999554,True,True,True
23368,25.968181763559745,23.95634146283576,19.19553278442692,10.557585082102754,108.15664075126566,44.42530653776453,True,True,True
13587,27.06901473475792,26.139589956753667,20.740164881752715,11.208022984604316,118.01343893531816,47.16228691516133,True,True,True
18778,26.15924376990589,23.317673767542228,19.191666921046806,11.467387391515397,105.27322248865401,48.25366749058695,True,True,True
22108,18.173742624106445,11.009300319760566,16.655018314961186,8.226135294399283,49.704122870946456,34.614789199693156,True,True,True
24391,29.43760938249226,35.031290662819565,17.614104756604664,8.822721491944172,158.15715121399205,37.12516676198814,True,True,True
17601,30.75142484377071,40.007052888687234,17.76742595551501,14.262990878199641,180.62142140991304,60.017299124920406,True,True,True
25981,20.79977359700141,22.208586253819636,15.602115965496203,10.942556911936256,100.26598129660893,46.045231114810996,True,True,True
20214,28.51316121992249,23.82882154314602,18.470588739695952,11.217421168858099,107.58092153454346,47.20183357409193,True,True,True
29833,28.764510464819132,34.597836229159405,17.1856053400417,9.945939963749991,156.20021736680368,41.85156247945599,True,True,True
29622,30.658709685417254,26.804682961237635,18.04193030675445,10.503215078450546,121.01616058477144,44.196522771408404,True,True,True
22473,28.2295869890015,40.42365437508351,24.654977137064947,26.986137481745903,182.5022685906274,113.55508106954703,True,True,True
29373,34.081174438107006,35.591187483130156,20.761618921085574,12.341852584986611,160.68493949694218,51.93333324506145,True,True,True
22086,24.842872346398632,17.28774990667321,14.676977474751354,8.834239411170971,78.04968713417439,37.17363306260032,True,True,True
22278,15.99706703151559,15.803334164068577,11.089579379876213,6.465311951165722,71.34793676684565,27.205413270096365,True,True,True
14744,24.761429348571923,22.162268305353688,16.007906392600148,11.078881365986591,100.05686782574199,46.61887135665438,True,True,True
25801,17.29676041842911,11.470537746522929,15.614924110012842,9.652933176651032,51.78648969414292,40.618617991366285,True,True,True
28736,24.9185109078557,18.857389128376813,17.443160449872057,10.921021555887563,85.13619930775724,45.954612399790186,True,True,True
29334,22.67154364437495,21.28702483872553,17.625710558077127,11.058589584427095,96.10537158676708,46.5334854839413,True,True,True
20544,38.26718099434631,52.11486770582033,17.03200123473845,12.968940381997324,235.2850510584989,54.57205861565006,True,True,True
25398,28.944269957009052,22.426779244078972,19.953677398209074,11.311746728113414,101.25106580538224,47.598746490414726,True,True,True
20756,18.913626204044334,13.535187961394916,16.352697316756718,8.835130409878612,61.10784754477108,37.177382299798396,True,True,True
24816,20.93844468933212,24.315487827927164,14.833586933446757,10.346023322759876,109.77809302713065,43.53507492349046,True,True,True
12723,80.1715222145615,73.80854798250095,44.3161147612598,17.531453122540146,333.2263660083496,73.77067510841916,True,True,True
18415,57.23034443094451,45.964718165486566,26.166672193553538,24.837431172640265,207.51872808166394,104.51353078135988,True,True,True
29471,36.64774112831876,35.811467880727555,21.578658680056964,15.755771545568775,161.6794481060488,66.29877715477248,True,True,True
19810,26.839409136608243,32.952760960186694,21.12720044494243,22.65501451981477,148.77313109191923,95.33013059647742,True,True,True
19309,21.237416284001835,23.499695837779694,17.601121101419334,10.203500863005605,106.0950047165462,42.935354067455584,True,True,True
12575,24.244813506019515,23.118434651559916,19.827893815494004,19.12353592165283,104.3737097844989,80.47000699483537,True,True,True
24518,29.427913965843945,34.729655674592564,18.928582343565996,10.679629165320424,156.79534782217237,44.93885634729972,True,True,True
14238,60.881980755022454,55.12926042548565,25.699524927955036,18.373455245017237,248.89424889740297,77.31373937033112,True,True,True
25898,25.723686571825105,20.188514334609305,15.55767259860385,8.98872070655988,91.1458828376396,37.82367555324878,True,True,True
24471,49.00591596544512,45.01699144691099,29.09298379110088,31.025368198065927,203.23998884302142,130.5517769383272,True,True,True
13835,29.900482774086683,40.32977402452396,17.059535573291345,12.611899979857862,182.07842326496177,53.069666810321294,True,True,True
27414,20.69663971031896,23.72185219325488,16.451810030545907,10.20246279198414,107.09798278675842,42.93098596405145,True,True,True
17615,37.987824368228715,39.712345994931326,23.774194671916327,16.747515476759336,179.29089655976733,70.4719406014774,True,True,True
25899,33.53718612205469,33.566985809472676,24.258360294111455,21.404155834944422,151.54619627250128,90.06663709122572,True,True,True
18311,39.59232341526168,52.153581436803705,26.228523370633795,34.34848188302423,235.4598334684343,144.53512094796974,True,True,True
19771,37.36696449113202,33.240314094255,19.331878333625767,10.325847452222396,150.0713585807273,43.450176793252965,True,True,True
15085,37.30081907631935,35.58415089818828,32.123336358646505,38.58017502462867,160.65317114905588,162.34168026315078,True,True,True
19641,37.40869838792562,37.68308380678771,20.182291651313207,10.854641054846507,170.1293064307545,45.67528961110828,True,True,True
23149,48.70050767629635,62.14875855175917,26.449305742106162,26.353764949502224,280.5854542626015,110.89411803941131,True,True,True
20326,13.94291841577931,13.830487765769474,13.460342091635106,8.505099717278291,62.4410492318987,35.788644764498336,True,True,True
17162,27.122916939225956,26.626885913177702,16.95340639882393,9.964525628274036,120.21345323133495,41.929769175141395,True,True,True
25882,23.149782162076104,26.54571933875435,17.90122511586796,10.296899524957855,119.84700729281232,43.328366688730085,True,True,True
14583,20.146140549183716,20.004879893512783,15.4879746887897,9.72016572750052,90.31682117536334,40.90152612400995,True,True,True
20437,25.558644592119755,24.31237943767692,18.162926237291018,11.8999694254005,109.76405945492883,50.0739312449045,True,True,True
13888,24.007066582027928,25.77580116050524,18.48733377121691,11.592441300193425,116.37102729219579,48.77988235729779,True,True,True
23133,46.58068152228633,63.75533243296282,26.430867511457194,27.396247834465875,287.83871680184484,115.28078614246004,True,True,True
18584,33.59523737257331,31.374089707983174,20.97366284766178,11.149809524434566,141.6458416535963,46.9173302520084,True,True,True
12790,27.319023502759435,29.52167633403135,21.638601309340647,11.411590503330872,133.28267784913317,48.01887953082398,True,True,True
20143,29.663576238851565,33.72357360415522,19.531390196591737,10.357938083640802,152.25314937223843,43.58521109576309,True,True,True
26895,36.060750191485354,34.391504679977515,21.660854129367532,11.35879715060399,155.268684174428,47.796730160507856,True,True,True
27065,30.102938607781113,20.523951044145548,18.684839735303015,11.399803712729387,92.66029219536144,47.96928184522682,True,True,True
18693,43.71928726973131,43.52139279437375,24.22707713344844,18.246841811756585,196.4877505506474,76.78096217358956,True,True,True
21776,51.917945328975954,46.442764556484626,39.78903121768249,44.03114190329332,209.67698299942032,185.27882664924908,True,True,True
23527,18.308190888544424,21.741805140364182,12.373104761264171,8.701019833979506,98.1585861721991,36.61305784511095,True,True,True
13609,51.77229624907536,58.633511398348126,22.68120459423617,14.554122019610725,264.71502913474126,61.24235107565502,True,True,True
19897,22.336679064543024,25.40042863243453,15.834529294991405,10.502557191062596,114.67631811761582,44.193754444309945,True,True,True
20598,27.882240578433134,29.338984230766552,16.797619347923472,9.528307883760563,132.45787059667532,40.09420669882522,True,True,True
26200,33.62750163477747,40.63716432156263,25.26971890156652,29.216459221586554,183.46621037672978,122.94006127095943,True,True,True
15893,20.503080155047428,22.914914926897715,14.94770889328858,8.334563855955409,103.45487124731099,35.0710461985352,True,True,True
22030,21.85692677588059,24.329572643208223,12.622504820756658,8.457109307278524,109.84168229883831,35.58670571702366,True,True,True
18946,23.66415784175716,31.197116456092136,15.734667565306374,9.087230110959242,140.84685352525224,38.2381936890972,True,True,True
24192,30.30432631427178,36.125330143874166,25.349768132254052,29.45746177233289,163.09645445875876,123.95417691483324,True,True,True
22644,46.87910946599546,37.61090653727252,33.99541853978834,17.84675600101213,169.8034448620558,75.09743941289092,True,True,True
12069,23.96648144169134,25.40979543010697,15.358831101071207,8.02854232763671,114.71860676892845,33.78333692629265,True,True,True
26238,37.16598008006128,45.556885324382314,18.41532620579626,14.336968629684762,205.67746905009147,60.32859041560318,True,True,True
29604,25.48169175813878,26.617932970704487,17.10459151662816,9.887035769792897,120.17303302843192,41.60369927470286,True,True,True
27458,25.863016852971015,31.462634471534443,19.134037972361515,12.04048535066134,142.04559819391264,50.66520879603054,True,True,True
27103,46.1922843557548,48.593888815741195,20.892958415678436,10.022784811931507,219.3887486327778,42.17491823835004,True,True,True
18416,48.29408424230742,54.40685969570338,25.746693257994256,33.335340699746965,245.63279779767132,140.27191991448478,True,True,True
25302,27.756480452934326,31.404775782144913,19.081281061020615,11.771061952878458,141.78438128429605,49.53150095073542,True,True,True
25220,35.047621451149546,41.96658246600914,25.34525841238172,25.13767509960691,189.4681869673613,105.77692846064609,True,True,True
16976,17.92696616069419,21.637574448080514,13.530947775286046,9.877177373756018,97.68801175005417,41.56221608868038,True,True,True
27315,43.461391516102985,56.326366989317094,21.76195815997911,26.25582209936642,254.29887317052743,110.48198390962423,True,True,True
26685,25.304687892306095,18.89960887666851,18.072033344518374,9.693890727364266,85.32681047247442,40.79096344075849,True,True,True
21424,15.256756031069015,16.04491490975388,12.314487027387795,6.631761640891202,72.43861089853819,27.90581761746038,True,True,True
15482,23.10665564630357,20.203739986201292,16.314516288865104,8.924968197234955,91.21462268808767,37.555411101929074,True,True,True
23489,22.593393650845083,21.317652285526655,15.189285171719353,9.566982743564763,96.24364653020687,40.25694680356936,True,True,True
28286,21.08795580240938,24.399723038725732,16.01860397178614,9.598354533648644,110.15839305946578,40.38895629061365,True,True,True
18915,60.16392542924527,51.19365845402487,32.638120231765726,21.685651914711556,231.1260312742071,91.25114562566635,True,True,True
12352,33.22237843804608,24.539510950336055,22.85088286296103,23.63433365915038,110.78949906373033,99.4510117094354,True,True,True
17151,51.5692810774036,45.281878080378604,45.14145062016844,47.68063450925704,204.4358829865497,200.6355418891846,True,True,True
19742,18.726155567968846,22.14737641641578,12.841929611512251,8.882973199811703,99.98963482672737,37.378700176175485,True,True,True
19172,21.981182344249806,22.713572328262646,15.358912796760045,11.15911067562975,102.54586186696457,46.95646860512483,True,True,True
26242,21.82757784825591,22.567840399951592,13.096838179607909,7.949411628634517,101.88792017579358,33.450362526145085,True,True,True
28524,30.15745366573646,31.896628933797853,20.25351784340099,19.050678480388044,144.00497012955987,80.1634298622265,True,True,True
15690,26.52929460163094,28.62398861889284,18.520199912508577,12.292335121676658,129.22985167516666,51.724968503559495,True,True,True
13246,25.088877857888118,21.10082957363567,12.402389943327139,6.4405044383289445,95.26474847129047,27.101025632805936,True,True,True
28221,25.8566432475257,15.902200609828364,14.785452798366924,8.908122109405172,71.79429301339458,37.48452437830996,True,True,True
13374,21.754522101895855,20.360334519637398,16.955670085217115,10.077237094160559,91.9216062115416,42.40404822507468,True,True,True
27128,17.954919733221995,21.0618061074428,13.270809026486047,7.616379366217116,95.08856768757443,32.048994672625355,True,True,True
23945,24.67483179019928,25.159024435915217,17.826959056043034,12.482619954681159,113.58644105941428,52.52566885027444,True,True,True
29377,23.456049340063302,22.04659128506841,13.050104151245316,9.205348435196601,99.53461621459424,38.73522428095738,True,True,True
27680,24.70034178092218,31.222777126586024,19.202052415460727,21.274099636728447,140.96270476757778,89.5193730693922,True,True,True
21964,29.72021614526732,28.509120294058896,17.81302132048487,9.722236014261448,128.71125111330548,40.910237692352524,True,True,True
15121,17.122847685363933,13.095527134870373,13.881394928135599,8.483319407169384,59.122893450649954,35.69699530626039,True,True,True
15468,40.65156218556259,31.396386347013074,25.671257514782024,20.096516637693313,141.74650517023795,84.56421662983108,True,True,True
17377,30.67899819196527,29.160998322311293,39.05012168094695,43.197050644490915,131.65431058775462,181.7690505437662,True,True,True
25687,31.727988541959345,33.496702442077414,23.799942189979777,21.144952172772065,151.22888517848673,88.97593291426021,True,True,True
19915,25.342513946655835,18.19483928623308,17.233881794153277,9.634890701266682,82.14495937374166,40.54269698353954,True,True,True
18694,32.68141445695252,31.368780104717896,29.270800346206187,31.054805033493945,141.6218701780776,130.67564432156132,True,True,True
28934,26.286798803787875,22.215566486765162,19.94220855069805,19.164416073019165,100.29749522991217,80.64202675519121,True,True,True
15365,20.412317993833025,14.420798494468038,15.988077683232785,9.276232342211307,65.1061483879829,39.033496970519785,True,True,True
23853,29.33526749969392,27.423563185177148,21.102554797837858,11.764402275752643,123.81024356912566,49.50347766743189,True,True,True
21811,17.21205189086594,14.85088586906849,13.417729858169288,7.80009806457185,67.04788084068146,32.82206535381399,True,True,True
15517,21.29291347267932,20.938373253664174,14.64208255115185,10.129776781889998,94.53130050870453,42.62513019738439,True,True,True
14533,46.32645710682218,48.18112779433572,37.81062399613458,40.17710220952813,217.52524015100343,169.06139686083299,True,True,True
12796,21.803646985104905,32.79312742276354,17.786255445527942,15.989319251352683,148.05242725716573,67.28152352526872,True,True,True
23103,52.827017793471526,52.727968381017426,24.664696851345557,18.497224804701077,238.05304088593232,77.83454981952369,True,True,True
20934,30.936016924158725,27.566463567288242,23.345274585848127,17.303475432333926,124.4554015668602,72.81136682982884,True,True,True
23217,25.09061401797605,17.19836883889275,18.664307375819106,9.710168473384241,77.64615489813191,40.859458636492896,True,True,True
16431,45.56674174322384,38.52532669079678,22.74319423924767,10.109109354224055,173.93181363630578,42.5381636418448,True,True,True
16092,22.189718293313636,21.90283934440914,16.23689916936147,10.318900448213755,98.88561365185728,43.420944465954356,True,True,True
29065,18.927795217626027,15.021118955188228,16.05569115469262,8.959811074456265,67.81643887647313,37.702026591094146,True,True,True
15803,27.679030419285283,27.698271349366347,18.071325451414733,11.685995742466023,125.05047936521929,49.17355048723551,True,True,True
18486,37.933592923693496,45.629763885948485,23.910614765572568,19.714696033848536,206.00649676970423,82.95755210983651,True,True,True
28086,30.540618943793188,36.13333657455917,21.605047300362685,17.76957362617869,163.13260140751726,74.7726633741829,True,True,True
23263,23.001498735504146,21.637728374889917,16.36826404070626,10.952346030220772,97.68870668949859,46.08642278668881,True,True,True
21099,24.63276717742995,22.705717321625293,17.280551032534476,11.075516324680555,102.51039855833321,46.604711585232195,True,True,True
18465,50.708473183810156,52.01504048701539,26.24198984168096,18.465902578987535,234.83435717194558,77.70274889460119,True,True,True
19141,24.493646625275492,24.86848798210825,17.498096641901967,10.52092913566406,112.27474465918158,44.27106182703694,True,True,True
22643,52.895636622652404,41.72263745394133,36.857946293098856,25.728973122704094,188.36683878887536,108.26505389150785,True,True,True
28995,27.183326790024076,30.047496378245572,18.028247298121894,11.742811260066096,135.65661836547278,49.41262474198755,True,True,True
20395,31.513407736049416,34.353856867742486,20.34043070829083,10.91235901784592,155.098714109955,45.91816126964041,True,True,True
