train_id,distance_km,station_count,route_density,avg_delay_min_prev,avg_delay_std_prev,is_exp,is_superfast,is_vande,is_shatabdi,is_mail,origin_count,dest_count,origin_avg_delay,dest_avg_delay,long_route,train_name_len,origin_dest_same
19955,770.0,14,55.0,61.466,12.114209838037311,1,0,0,0,0,1,2,61.466,58.506,0,12,0
28317,480.0,8,60.0,84.32000000000001,12.32063107149954,1,0,0,0,0,5,2,91.22720000000001,68.087,0,15,0
14065,562.0,12,46.833333333333336,105.26,13.651472448054824,1,0,0,0,0,5,3,91.22720000000001,99.71266666666666,0,15,0
25224,870.0,13,66.92307692307692,88.312,15.5890176085602,1,0,0,0,0,2,2,86.41999999999999,103.098,1,14,0
18727,477.0,10,47.7,75.55199999999999,10.541421630880722,1,0,0,0,0,1,1,75.55199999999999,75.55199999999999,0,13,0
29054,780.0,11,70.9090909090909,77.534,9.476577968866186,1,0,0,0,0,1,4,77.534,99.756,0,15,0
15553,626.0,14,44.714285714285715,66.81,14.666904922307229,1,0,0,0,0,1,2,66.81,74.375,0,10,0
15988,581.0,10,58.1,57.608,6.84726003595599,1,0,0,0,0,1,3,57.608,91.02933333333334,0,13,0
26811,907.0,17,53.35294117647059,102.04,12.826427795766053,1,0,0,0,0,1,2,102.04,86.178,1,13,0
15390,905.0,16,56.5625,95.17,7.213227432987264,1,0,0,0,0,1,3,95.17,91.02933333333334,1,13,0
24507,767.0,15,51.13333333333333,79.56,12.29753023984897,1,0,0,0,0,1,1,79.56,79.56,0,12,0
29012,649.0,13,49.92307692307692,53.20799999999999,13.443502891731754,1,0,0,0,0,2,2,63.10799999999999,76.478,0,15,0
21679,938.0,16,58.625,109.586,12.892708404365628,1,0,0,0,0,1,2,109.586,94.023,1,14,0
18638,1884.0,27,69.77777777777777,132.198,17.807882243545972,0,0,0,0,0,1,1,132.198,132.198,1,12,0
13870,967.0,17,56.88235294117647,105.352,8.259350458722524,1,0,0,0,0,2,2,102.524,83.275,1,12,0
26940,634.0,11,57.63636363636363,65.656,11.98208370860428,1,0,0,0,0,3,2,72.45066666666668,84.077,0,13,0
25701,357.0,8,44.625,82.394,14.087073152362056,1,0,0,0,0,2,3,116.463,75.15133333333334,0,13,0
13530,902.0,17,53.05882352941177,87.982,7.79345045535031,0,0,1,0,0,4,4,87.653,99.756,1,12,0
20241,314.0,7,44.857142857142854,65.08,7.852232166715398,1,0,0,0,0,3,5,87.07066666666667,95.744,0,15,0
24253,414.0,10,41.4,120.692,5.212021680691668,1,0,0,0,0,3,3,114.06733333333334,94.714,0,13,0
23313,553.0,10,55.3,114.142,13.526783431400087,1,0,0,0,0,2,1,81.96199999999999,114.142,0,12,0
20366,614.0,12,51.166666666666664,137.964,12.807580958166929,1,0,0,0,0,1,3,137.964,93.85933333333332,0,13,0
18680,371.0,9,41.22222222222222,68.56,9.79843865113213,0,0,1,0,0,3,3,69.53933333333333,61.373333333333335,0,12,0
27398,448.0,7,64.0,65.586,8.097195810896508,1,0,0,0,0,1,2,65.586,69.58500000000001,0,15,0
25908,650.0,11,59.09090909090909,99.222,10.019606778711426,1,0,0,0,0,2,2,83.979,73.682,0,10,0
27288,400.0,8,50.0,42.842,11.256514558245817,1,0,0,0,0,2,1,84.483,42.842,0,13,0
20324,882.0,15,58.8,64.792,6.965021177282951,1,0,0,0,0,1,2,64.792,96.99300000000001,1,14,0
29429,766.0,14,54.714285714285715,67.92999999999999,8.307686200140209,0,0,1,0,0,3,1,70.28066666666666,67.92999999999999,0,12,0
24040,418.0,8,52.25,71.062,11.042579861608427,1,0,0,0,0,2,1,69.645,71.062,0,13,0
12039,283.0,8,35.375,37.8,5.138667142362891,0,0,0,0,0,1,3,37.8,101.80466666666666,0,12,0
16192,484.0,9,53.77777777777778,78.988,11.7470409039894,1,0,0,0,0,1,2,78.988,60.613,0,15,0
22974,2443.0,38,64.28947368421052,153.65,14.227696580964896,1,0,0,0,0,3,1,142.94866666666667,153.65,1,12,0
27436,330.0,9,36.666666666666664,59.95,13.663941598235844,1,0,0,0,0,2,3,77.411,61.373333333333335,0,15,0
14930,740.0,13,56.92307692307692,81.33399999999999,14.553694719898454,1,0,0,0,0,1,3,81.33399999999999,84.62933333333332,0,12,0
19118,822.0,14,58.714285714285715,81.858,10.568096801222064,1,0,0,0,0,2,3,111.506,65.02533333333334,1,12,0
20768,869.0,16,54.3125,126.018,13.620446762129356,1,0,0,0,0,4,2,84.6785,112.695,1,12,0
26585,514.0,9,57.111111111111114,63.122,10.61148999905291,1,0,0,0,0,3,1,85.944,63.122,0,12,0
17428,651.0,12,54.25,95.366,16.603768548133885,1,0,0,0,0,2,2,74.312,84.886,0,15,0
18011,760.0,15,50.666666666666664,72.168,14.238875306708742,1,0,0,0,0,2,3,77.054,79.66466666666668,0,13,0
27093,556.0,12,46.333333333333336,111.28,11.174701338290884,1,0,0,0,0,2,1,115.905,111.28,0,15,0
15983,403.0,8,50.375,44.182,11.085200494352822,0,0,0,0,0,1,1,44.182,44.182,0,12,0
27034,239.0,7,34.142857142857146,121.584,10.086819617699131,1,0,0,0,0,1,3,121.584,105.682,0,10,0
26459,245.0,8,30.625,49.226,12.221318668621644,1,0,0,0,0,3,2,71.07266666666666,80.532,0,13,0
17362,907.0,16,56.6875,87.958,9.205969259127473,1,0,0,0,0,1,1,87.958,87.958,1,12,0
25842,747.0,14,53.357142857142854,90.088,7.686063361695631,1,0,0,0,0,2,3,86.8,87.144,0,12,0
23848,677.0,14,48.357142857142854,141.498,9.297371671606976,1,0,0,0,0,1,4,141.498,95.1585,0,13,0
18730,677.0,11,61.54545454545455,106.932,5.443208612574025,1,0,0,0,0,1,3,106.932,98.49399999999999,0,12,0
12212,1059.0,14,75.64285714285714,108.216,8.165998408033154,0,0,0,0,0,2,1,100.08699999999999,108.216,1,12,0
15254,966.0,16,60.375,92.744,13.072231255604374,1,0,0,0,0,2,1,96.244,92.744,1,12,0
19405,670.0,12,55.833333333333336,146.73600000000002,6.566610998071983,0,0,0,0,0,3,1,98.61133333333333,146.73600000000002,0,16,0
25792,930.0,17,54.705882352941174,150.53199999999998,10.522156147862455,1,0,0,0,0,2,2,116.463,131.846,1,15,0
28203,853.0,17,50.1764705882353,141.4,12.595959669671853,1,0,0,0,0,1,2,141.4,130.577,1,15,0
24353,1033.0,17,60.76470588235294,99.372,11.810062235229749,1,0,0,0,0,2,2,81.631,112.695,1,10,0
25547,341.0,9,37.888888888888886,109.28600000000002,3.212853871560295,1,0,0,0,0,2,4,81.61800000000001,94.251,0,15,0
26857,401.0,8,50.125,69.886,4.442840307731082,1,0,0,0,0,1,1,69.886,69.886,0,15,0
29275,583.0,10,58.3,90.48,11.127962526895926,1,0,0,0,0,2,2,104.79599999999999,107.987,0,15,0
13044,698.0,19,36.73684210526316,77.766,13.050978124263327,1,0,0,0,0,1,5,77.766,69.19800000000001,0,12,0
16895,685.0,12,57.083333333333336,71.786,7.17813903459664,1,0,0,0,0,3,2,99.62466666666667,63.971000000000004,0,12,0
19857,701.0,12,58.416666666666664,65.05600000000001,11.584473660896297,1,0,0,0,0,3,1,72.79133333333334,65.05600000000001,0,12,0
20767,822.0,14,58.714285714285715,148.536,10.622310483129366,1,0,0,0,0,4,1,94.1695,148.536,1,13,0
17647,464.0,13,35.69230769230769,92.441,21.071611998663563,1,0,0,0,0,1,2,92.441,85.6045,0,12,0
19980,810.0,17,47.64705882352941,130.228,11.450053274985237,1,0,0,0,0,2,1,121.033,130.228,1,15,0
22819,442.0,27,16.37037037037037,75.79400000000001,12.245147202055186,0,1,0,0,0,1,4,75.79400000000001,87.6465,0,11,0
12386,436.0,9,48.44444444444444,53.96,9.819847249321144,1,0,0,0,0,4,1,86.052,53.96,0,15,0
13610,841.0,17,49.470588235294116,70.458,12.52971547961086,1,0,0,0,0,1,2,70.458,80.372,1,12,0
19149,612.0,12,51.0,97.584,13.997247229366208,1,0,0,0,0,2,1,83.747,97.584,0,12,0
16555,566.0,10,56.6,59.904,10.340806544946092,1,0,0,0,0,2,2,59.777,74.605,0,13,0
25372,618.0,10,61.8,44.672,9.041602181029642,1,0,0,0,0,2,1,77.535,44.672,0,15,0
28190,406.0,8,50.75,80.024,12.506585465265893,1,0,0,0,0,2,3,72.936,57.620000000000005,0,13,0
25185,457.0,8,57.125,79.188,10.192942166028413,1,0,0,0,0,4,4,76.821,87.6465,0,15,0
16082,787.0,13,60.53846153846154,90.854,15.134859761491024,1,0,0,0,0,2,2,83.21000000000001,69.812,0,15,0
26800,663.0,15,44.2,121.756,11.695543168232932,1,0,0,0,0,3,1,108.33533333333334,121.756,0,13,0
21041,900.0,15,60.0,99.748,12.164697694558624,1,0,0,0,0,2,2,92.057,76.478,1,12,0
20126,688.0,15,45.86666666666667,70.1,9.71230662613161,1,0,0,0,0,1,2,70.1,63.675,0,13,0
13766,388.0,7,55.42857142857143,70.206,10.113724833116637,1,0,0,0,0,2,2,69.97800000000001,88.626,0,15,0
17587,846.0,14,60.42857142857143,90.806,10.01645296499714,1,0,0,0,0,2,1,106.001,90.806,1,12,0
27747,847.0,16,52.9375,91.354,14.243978727869536,1,0,0,0,0,4,1,87.653,91.354,1,10,0
21979,663.0,14,47.357142857142854,78.20599999999999,7.407110097737178,1,0,0,0,0,1,2,78.20599999999999,79.30699999999999,0,13,0
24869,437.0,10,43.7,63.638,9.947364977721485,0,0,0,0,0,3,3,72.72866666666667,68.42399999999999,0,12,0
25889,784.0,13,60.30769230769231,96.072,9.649912952975276,1,0,0,0,0,4,1,94.1695,96.072,0,12,0
13471,770.0,14,55.0,68.042,7.43149513893402,1,0,0,0,0,1,1,68.042,68.042,0,13,0
22387,269.0,16,16.8125,108.272,16.142701756521433,0,0,0,0,0,3,1,151.04399999999998,108.272,0,11,0
16485,689.0,13,53.0,75.8,10.410895734757888,1,0,0,0,0,3,1,78.14133333333334,75.8,0,12,0
12547,866.0,12,72.16666666666667,84.188,9.426227771489508,0,0,0,0,0,1,1,84.188,84.188,1,12,0
14804,479.0,17,28.176470588235293,77.304,13.597657151141886,1,0,0,0,0,2,1,57.103,77.304,0,12,0
22721,641.0,10,64.1,125.588,11.393652618892684,1,0,0,0,0,3,2,88.93733333333334,86.08,0,14,0
21141,847.0,16,52.9375,79.482,11.786304340207748,1,0,0,0,0,3,1,84.17,79.482,1,15,0
14665,828.0,15,55.2,94.8,10.849168170878352,1,0,0,0,0,3,1,94.92266666666667,94.8,1,15,0
18717,766.0,15,51.06666666666667,60.41,6.003715516244921,1,0,0,0,0,1,1,60.41,60.41,0,13,0
29244,593.0,9,65.88888888888889,108.146,7.345633396787507,0,0,0,0,0,1,1,108.146,108.146,0,10,0
12619,893.0,24,37.208333333333336,81.42999999999999,6.9124778480657705,0,0,0,0,0,2,1,77.56299999999999,81.42999999999999,1,12,0
18066,716.0,12,59.666666666666664,93.042,5.117310817216401,1,0,0,0,0,2,2,72.66300000000001,82.732,0,15,0
13789,791.0,14,56.5,68.662,6.297957605446384,1,0,0,0,0,3,1,72.45066666666668,68.662,0,13,0
26909,776.0,15,51.733333333333334,93.952,11.356631102576149,1,0,0,0,0,4,2,88.682,66.786,0,13,0
15868,497.0,9,55.22222222222222,51.79,6.159379027142265,1,0,0,0,0,2,1,66.027,51.79,0,15,0
28699,613.0,11,55.72727272727273,75.462,7.916212478199403,1,0,0,0,0,3,2,98.61133333333333,77.83500000000001,0,15,0
28936,266.0,7,38.0,111.838,13.55012804367546,1,0,0,0,0,2,2,121.033,80.532,0,13,0
28771,778.0,17,45.76470588235294,87.002,12.419479457690656,1,0,0,0,0,2,1,84.818,87.002,0,12,0
29848,730.0,13,56.15384615384615,74.27000000000001,9.070744181157352,1,0,0,0,0,1,1,74.27000000000001,74.27000000000001,0,12,0
25080,647.0,12,53.916666666666664,120.772,11.743599107599,1,0,0,0,0,1,3,120.772,82.226,0,12,0
28441,905.0,17,53.23529411764706,84.4,18.07890068560586,0,0,0,0,0,1,2,84.4,83.517,1,12,0
12330,1436.0,8,179.5,91.958,12.941865012431553,0,0,0,0,0,2,2,100.08699999999999,72.783,1,12,0
14931,730.0,13,56.15384615384615,109.452,9.21171916636629,1,0,0,0,0,2,4,85.684,99.756,0,13,0
14701,858.0,15,57.2,62.88,10.111164621348024,0,0,0,0,0,3,2,96.43733333333334,86.21900000000001,1,10,0
14941,496.0,10,49.6,111.894,12.32133840132638,1,0,0,0,0,2,2,84.477,81.068,0,14,0
14684,792.0,11,72.0,108.544,8.860379788699806,0,0,0,0,0,1,1,108.544,108.544,0,12,0
16207,877.0,16,54.8125,90.992,4.338976837919277,1,0,0,0,0,1,3,90.992,85.68,1,13,0
22954,490.0,27,18.14814814814815,36.902,6.142887757398796,1,0,0,0,0,2,1,57.103,36.902,0,12,0
22622,398.0,12,33.166666666666664,69.80199999999999,8.379413463960354,0,0,0,0,0,1,1,69.80199999999999,69.80199999999999,0,12,0
25739,499.0,8,62.375,68.816,10.685346508185868,1,0,0,0,0,4,4,88.682,95.1585,0,13,0
14832,930.0,17,54.705882352941174,99.074,11.160693526837838,0,0,0,0,0,2,5,103.24499999999999,84.6396,1,16,0
28352,351.0,7,50.142857142857146,101.874,12.763096411137855,1,0,0,0,0,1,3,101.874,102.97466666666666,0,15,0
16065,743.0,14,53.07142857142857,77.63199999999999,9.977042146848936,1,0,0,0,0,1,3,77.63199999999999,80.35933333333334,0,15,0
29114,334.0,7,47.714285714285715,51.854,11.464330769826908,1,0,0,0,0,1,2,51.854,68.087,0,12,0
22645,2643.0,52,50.82692307692308,192.828,7.389294282947467,0,0,0,0,0,2,1,152.277,192.828,1,12,0
28020,340.0,7,48.57142857142857,120.53,5.050742519669759,0,0,1,0,0,2,2,115.905,98.661,0,12,0
13873,776.0,15,51.733333333333334,110.398,3.018868993513962,1,0,0,0,0,2,1,77.535,110.398,0,15,0
29038,916.0,15,61.06666666666667,64.3,4.05082090445875,1,0,0,0,0,3,2,66.702,68.69200000000001,1,13,0
22219,849.0,16,53.0625,62.80800000000001,8.670223180518482,0,0,1,0,0,1,1,62.80800000000001,62.80800000000001,1,12,0
14818,1078.0,17,63.411764705882355,118.492,3.8537605011209455,1,0,0,0,0,2,2,92.312,108.899,1,12,0
15228,2729.0,35,77.97142857142858,162.85,2.35867547577026,0,0,0,0,0,1,2,162.85,162.966,1,12,0
20043,694.0,13,53.38461538461539,93.234,11.256765965409429,1,0,0,0,0,3,3,90.79666666666667,104.92866666666664,0,12,0
21127,721.0,13,55.46153846153846,63.622,15.346705509652551,1,0,0,0,0,4,3,76.72800000000001,82.992,0,15,0
20543,636.0,11,57.81818181818182,57.05999999999999,15.091133158248914,1,0,0,0,0,2,1,84.477,57.05999999999999,0,12,0
13166,618.0,15,41.2,74.328,10.707141075002228,0,0,0,0,0,1,1,74.328,74.328,0,12,0
20642,869.0,16,54.3125,73.636,13.16570848834198,1,0,0,0,0,3,3,98.61133333333333,85.07133333333333,1,12,0
20673,546.0,11,49.63636363636363,62.952,12.062809374270994,1,0,0,0,0,1,1,62.952,62.952,0,13,0
17712,919.0,16,57.4375,89.406,17.35447723211506,1,0,0,0,0,4,3,87.653,98.87466666666667,1,13,0
21223,696.0,14,49.714285714285715,88.322,5.169160473423131,1,0,0,0,0,1,1,88.322,88.322,0,12,0
13036,764.0,13,58.76923076923077,108.128,14.279323163231508,0,0,0,0,0,1,1,108.128,108.128,0,12,0
19663,584.0,12,48.666666666666664,125.038,13.158190225103148,1,0,0,0,0,3,1,81.66799999999999,125.038,0,15,0
29632,408.0,8,51.0,108.882,15.669064107342214,1,0,0,0,0,2,2,78.935,98.72500000000001,0,15,0
17437,655.0,15,43.666666666666664,48.042,2.9284586389430207,1,0,0,0,0,1,1,48.042,48.042,0,13,0
21646,866.0,16,54.125,108.406,6.908978216784299,1,0,0,0,0,2,1,94.21300000000001,108.406,1,12,0
26180,581.0,13,44.69230769230769,107.046,10.037436425701538,1,0,0,0,0,2,2,104.772,88.626,0,12,0
16383,371.0,8,46.375,73.952,15.739011087104556,1,0,0,0,0,2,2,66.601,104.50699999999999,0,15,0
25425,981.0,17,57.705882352941174,94.872,9.642687384749127,1,0,0,0,0,2,1,77.411,94.872,1,12,0
14538,291.0,7,41.57142857142857,65.962,9.783903617677357,1,0,0,0,0,1,3,65.962,99.71266666666666,0,15,0
20311,743.0,14,53.07142857142857,99.982,16.23241417657891,0,0,1,0,0,3,5,109.32933333333334,95.744,0,12,0
25465,742.0,13,57.07692307692308,117.884,13.779088503961354,1,0,0,0,0,1,2,117.884,103.098,0,12,0
17276,690.0,13,53.07692307692308,59.678,11.395023913972276,0,0,0,0,0,1,1,59.678,59.678,0,10,0
19325,1323.0,24,55.125,111.726,8.297694258045421,0,0,0,0,0,2,1,152.277,111.726,1,12,0
26758,658.0,12,54.833333333333336,138.848,11.650595263762272,1,0,0,0,0,4,2,86.052,107.20700000000001,0,12,0
20373,1221.0,17,71.82352941176471,91.658,10.157631121477092,1,0,0,0,0,2,5,89.419,95.744,1,13,0
17659,407.0,9,45.22222222222222,52.284000000000006,12.11636001445979,1,0,0,0,0,2,2,72.66300000000001,83.45500000000001,0,12,0
24740,642.0,12,53.5,86.25399999999999,8.489701408176847,1,0,0,0,0,3,1,71.07266666666666,86.25399999999999,0,15,0
25089,500.0,9,55.55555555555556,70.644,11.322205173904951,1,0,0,0,0,1,3,70.644,86.71533333333333,0,13,0
26823,679.0,12,56.583333333333336,120.56199999999998,14.090873642184151,1,0,0,0,0,3,2,112.25133333333333,87.256,0,12,0
12093,877.0,16,54.8125,80.498,14.78444689530183,1,0,0,0,0,3,2,70.28066666666666,82.432,1,12,0
29104,290.0,7,41.42857142857143,36.96,19.06193458177842,1,0,0,0,0,1,3,36.96,75.98,0,12,0
28863,339.0,8,42.375,51.972,12.59589695099162,1,0,0,0,0,3,1,82.74733333333334,51.972,0,15,0
28041,585.0,13,45.0,57.158,7.232787844254798,1,0,0,0,0,3,2,72.79133333333334,61.743,0,10,0
18327,345.0,10,34.5,93.638,12.834218714047225,1,0,0,0,0,2,1,79.666,93.638,0,15,0
15752,830.0,14,59.285714285714285,102.518,13.256348290536122,1,0,0,0,0,1,1,102.518,102.518,1,15,0
22397,848.0,17,49.88235294117647,126.124,9.462781303612587,1,0,0,0,0,2,2,84.483,111.047,1,13,0
24218,950.0,17,55.88235294117647,101.858,5.682206437643738,0,0,0,0,0,3,4,96.43733333333334,95.1585,1,10,0
12862,576.0,19,30.31578947368421,74.574,11.17480559115012,0,0,0,0,0,1,4,74.574,87.6465,0,12,0
12543,563.0,9,62.55555555555556,48.224,14.951975789172485,1,0,0,0,0,3,1,84.17,48.224,0,10,0
27462,440.0,11,40.0,71.4,10.114692283999547,1,0,0,0,0,1,2,71.4,67.533,0,15,0
13391,546.0,10,54.6,66.328,9.506864362133287,1,0,0,0,0,4,2,86.052,61.743,0,10,0
12475,2055.0,31,66.29032258064517,135.26399999999998,5.384336542230617,1,0,0,0,0,1,1,135.26399999999998,135.26399999999998,1,12,0
16641,617.0,13,47.46153846153846,60.114,13.688543750158376,1,0,0,0,0,1,2,60.114,88.774,0,13,0
26335,419.0,7,59.857142857142854,101.276,9.708175935777016,1,0,0,0,0,2,2,75.695,101.28399999999999,0,12,0
12886,317.0,13,24.384615384615383,41.986,9.176945570286446,0,0,0,0,0,1,1,41.986,41.986,0,12,0
26389,645.0,10,64.5,48.142,7.139990896352741,1,0,0,0,0,3,2,75.40466666666667,73.682,0,15,0
28738,374.0,8,46.75,74.40599999999999,11.813176118216475,1,0,0,0,0,4,2,90.058,84.886,0,10,0
24934,979.0,17,57.588235294117645,81.94,8.915674399617785,1,0,0,0,0,2,2,77.054,74.375,1,14,0
18679,992.0,16,62.0,107.41599999999998,13.15227660901336,1,0,0,0,0,2,3,103.24499999999999,85.07133333333333,1,15,0
26708,468.0,10,46.8,113.16,13.40143275922392,1,0,0,0,0,2,2,100.22800000000001,131.846,0,15,0
18042,318.0,7,45.42857142857143,91.114,10.862850914930208,1,0,0,0,0,2,1,78.44900000000001,91.114,0,15,0
20303,670.0,13,51.53846153846154,125.506,8.978253170856789,1,0,0,0,0,3,2,86.524,95.67699999999999,0,12,0
17770,876.0,15,58.4,126.75,13.789329207760613,1,0,0,0,0,1,3,126.75,102.97466666666666,1,15,0
20804,529.0,11,48.09090909090909,65.784,12.504248478017384,1,0,0,0,0,2,2,78.44900000000001,60.794000000000004,0,13,0
15589,827.0,14,59.07142857142857,115.096,13.335851303910076,1,0,0,0,0,4,1,95.11,115.096,1,14,0
29735,1112.0,17,65.41176470588235,105.654,3.877174228739284,0,0,1,0,0,2,1,84.638,105.654,1,12,0
17669,945.0,17,55.588235294117645,124.574,5.61655855484477,1,0,0,0,0,3,3,96.43733333333334,94.95466666666668,1,12,0
17646,735.0,15,49.0,79.602,7.691542108056095,1,0,0,0,0,2,1,102.88300000000001,79.602,0,12,0
26143,758.0,15,50.53333333333333,67.522,11.444742024178614,1,0,0,0,0,3,2,75.40466666666667,65.754,0,10,0
26511,906.0,17,53.294117647058826,99.356,10.517463097154186,1,0,0,0,0,1,3,99.356,75.98,1,13,0
13502,323.0,18,17.944444444444443,44.014,7.06562665302944,0,0,0,0,0,1,2,44.014,82.377,0,12,0
12305,1516.0,9,168.44444444444446,161.61399999999998,9.005233478372453,0,0,0,0,0,3,3,151.04399999999998,101.80466666666666,1,12,0
18990,488.0,9,54.22222222222222,77.238,11.947343637813386,1,0,0,0,0,3,2,88.93733333333334,87.372,0,15,0
24775,602.0,12,50.166666666666664,84.446,17.404487352404267,1,0,0,0,0,3,2,66.51866666666666,75.264,0,15,0
29752,427.0,9,47.44444444444444,63.68399999999999,11.470733629546103,1,0,0,0,0,1,1,63.68399999999999,63.68399999999999,0,15,0
24269,598.0,10,59.8,55.15,13.843830755972132,0,0,0,0,0,2,1,90.201,55.15,0,12,0
26545,634.0,11,57.63636363636363,54.57000000000001,5.2440013348587176,1,0,0,0,0,1,3,54.57000000000001,57.620000000000005,0,15,0
17806,314.0,7,44.857142857142854,63.164,12.10559911776365,1,0,0,0,0,1,3,63.164,78.738,0,10,0
18393,359.0,9,39.888888888888886,52.620000000000005,8.347829059102732,1,0,0,0,0,1,1,52.620000000000005,52.620000000000005,0,13,0
27209,966.0,16,60.375,88.64399999999999,9.969459865007734,1,0,0,0,0,1,1,88.64399999999999,88.64399999999999,1,15,0
17135,574.0,12,47.833333333333336,88.45,6.587662711462995,1,0,0,0,0,1,1,88.45,88.45,0,15,0
15008,505.0,37,13.64864864864865,52.538,8.77085343623983,1,0,0,0,0,1,1,52.538,52.538,0,12,0
16416,694.0,17,40.8235294117647,72.47999999999999,12.363802902918753,1,0,0,0,0,1,2,72.47999999999999,89.92599999999999,0,12,0
12524,1499.0,18,83.27777777777777,109.612,13.188160220440151,0,0,0,0,0,2,2,126.302,79.013,1,12,0
12657,360.0,8,45.0,65.646,12.92556691213194,0,0,0,0,1,5,2,81.4508,104.31900000000002,0,12,0
18041,483.0,8,60.375,83.72999999999999,10.109683476746442,0,0,0,0,0,1,3,83.72999999999999,61.62199999999999,0,12,0
26810,519.0,10,51.9,60.848,11.549219454144945,1,0,0,0,0,1,2,60.848,71.762,0,13,0
22208,904.0,11,82.18181818181819,144.134,7.748621167665901,0,0,0,0,0,3,2,91.48333333333333,105.68199999999999,1,12,0
22649,390.0,18,21.666666666666668,61.46,9.36595697192764,1,0,0,0,0,5,1,81.4508,61.46,0,12,0
27107,511.0,12,42.583333333333336,55.804,14.433888249532764,1,0,0,0,0,3,2,69.074,60.794000000000004,0,15,0
16731,451.0,9,50.111111111111114,102.506,14.604726289800848,1,0,0,0,0,1,1,102.506,102.506,0,13,0
18793,511.0,12,42.583333333333336,109.714,9.59582357069991,1,0,0,0,0,3,5,82.822,84.6396,0,15,0
20333,652.0,11,59.27272727272727,129.188,14.04499092203338,0,0,0,0,0,1,3,129.188,98.87466666666667,0,12,0
13926,493.0,12,41.083333333333336,55.54600000000001,1.4970404136161422,1,0,0,0,0,1,2,55.54600000000001,58.506,0,15,0
28448,642.0,11,58.36363636363637,114.626,12.912946216878623,1,0,0,0,0,2,2,76.47200000000001,83.45500000000001,0,15,0
16778,781.0,13,60.07692307692308,84.366,10.597779484401434,1,0,0,0,0,2,2,92.057,82.432,0,15,0
25194,638.0,9,70.88888888888889,124.804,4.981368285923061,1,0,0,0,0,3,2,84.17,86.945,0,13,0
18748,575.0,13,44.23076923076923,81.87,11.806993690182104,1,0,0,0,0,4,3,87.653,75.70933333333333,0,15,0
13313,825.0,14,58.92857142857143,92.518,5.106473342728812,1,0,0,0,0,1,2,92.518,85.001,1,13,0
12076,398.0,12,33.166666666666664,63.086,2.663771761994636,0,0,0,0,0,3,1,91.48333333333333,63.086,0,12,0
12099,487.0,9,54.111111111111114,63.14200000000001,14.740216077113658,1,0,0,0,0,1,1,63.14200000000001,63.14200000000001,0,13,0
15021,1056.0,15,70.4,70.474,13.568597200889998,0,0,0,0,0,1,1,70.474,70.474,1,12,0
19346,794.0,16,49.625,102.204,9.718159805230618,1,0,0,0,0,1,1,102.204,102.204,0,12,0
17072,559.0,12,46.583333333333336,84.792,9.36345662669508,1,0,0,0,0,1,2,84.792,85.74600000000001,0,12,0
13666,914.0,16,57.125,91.024,13.038279411026588,0,0,0,0,0,4,1,58.9435,91.024,1,10,0
20276,525.0,11,47.72727272727273,83.034,12.813224808766911,0,0,0,0,0,3,1,72.45066666666668,83.034,0,10,0
13913,893.0,17,52.529411764705884,69.85799999999999,7.601231479174939,1,0,0,0,0,1,2,69.85799999999999,78.692,1,13,0
25243,281.0,7,40.142857142857146,60.622,10.458908642874745,1,0,0,0,0,3,1,69.53933333333333,60.622,0,15,0
13798,426.0,8,53.25,106.644,7.353531804514075,1,0,0,0,0,2,1,81.305,106.644,0,15,0
21734,561.0,12,46.75,73.584,8.388595234006702,1,0,0,0,0,4,2,76.72800000000001,69.58500000000001,0,10,0
14311,1543.0,46,33.54347826086956,133.43800000000002,8.660483242868157,1,0,0,0,0,1,1,133.43800000000002,133.43800000000002,1,12,0
16269,480.0,10,48.0,67.56800000000001,9.720731453959624,1,0,0,0,0,1,1,67.56800000000001,67.56800000000001,0,15,0
23315,731.0,14,52.214285714285715,72.312,8.741894531507459,1,0,0,0,0,1,3,72.312,80.676,0,13,0
24021,316.0,7,45.142857142857146,32.446000000000005,12.398585806453896,0,0,0,0,0,4,2,76.821,49.07000000000001,0,12,0
26676,641.0,14,45.785714285714285,118.56,11.44824222315373,0,0,0,0,0,1,1,118.56,118.56,0,12,0
15406,920.0,17,54.11764705882353,72.756,9.178541823187382,1,0,0,0,0,4,3,88.682,84.62933333333332,1,12,0
22486,754.0,14,53.857142857142854,107.386,7.981962791193657,1,0,0,0,0,1,1,107.386,107.386,0,13,0
29410,850.0,16,53.125,99.744,14.114628227480877,1,0,0,0,0,2,1,96.244,99.744,1,13,0
23680,331.0,7,47.285714285714285,39.62,7.603903602755626,1,0,0,0,0,2,2,65.211,66.786,0,15,0
29660,632.0,11,57.45454545454545,65.694,4.692625064929011,1,0,0,0,0,2,2,79.666,49.07000000000001,0,15,0
24705,601.0,14,42.92857142857143,99.306,7.003447722372176,1,0,0,0,0,3,2,72.72866666666667,108.899,0,13,0
20129,549.0,10,54.9,63.69199999999999,9.30050106177081,1,0,0,0,0,2,2,87.145,70.715,0,15,0
20505,301.0,7,43.0,59.114,5.912024188042533,1,0,0,0,0,1,1,59.114,59.114,0,15,0
13925,489.0,11,44.45454545454545,57.774,11.890833864788457,0,0,0,0,0,1,3,57.774,94.714,0,16,0
12814,253.0,9,28.11111111111111,35.376,9.098230841457278,0,0,0,0,0,1,5,35.376,69.19800000000001,0,12,0
15102,1882.0,19,99.05263157894737,169.714,13.17761852536337,0,0,0,0,0,1,1,169.714,169.714,1,10,0
29882,672.0,14,48.0,65.848,12.8772462118265,1,0,0,0,0,2,2,72.936,95.67699999999999,0,15,0
26223,575.0,15,38.333333333333336,108.098,8.276576586971208,1,0,0,0,0,3,2,109.32933333333334,98.311,0,12,0
18557,623.0,13,47.92307692307692,73.424,9.22763945979686,1,0,0,0,0,1,3,73.424,61.62199999999999,0,15,0
24330,233.0,7,33.285714285714285,65.782,12.143538199388182,1,0,0,0,0,2,1,87.741,65.782,0,12,0
19441,656.0,13,50.46153846153846,59.56,3.481098964407647,1,0,0,0,0,4,1,84.6785,59.56,0,12,0
28166,281.0,7,40.142857142857146,75.57000000000001,11.824836151084714,0,0,0,0,0,1,3,75.57000000000001,82.992,0,10,0
29808,821.0,17,48.294117647058826,97.292,12.67411219770442,1,0,0,0,0,2,3,83.99000000000001,105.682,1,15,0
13268,892.0,15,59.46666666666667,98.17,7.757686510809777,1,0,0,0,0,2,3,96.868,105.682,1,15,0
27076,1004.0,15,66.93333333333334,90.912,13.223326737247325,1,0,0,0,0,1,3,90.912,79.66466666666668,1,13,0
26873,605.0,12,50.416666666666664,51.124,10.65183693078335,1,0,0,0,0,2,3,65.424,82.226,0,15,0
23478,878.0,17,51.64705882352941,126.08599999999998,14.328099315680353,1,0,0,0,0,1,1,126.08599999999998,126.08599999999998,1,15,0
21332,752.0,14,53.714285714285715,125.494,12.38302350442376,1,0,0,0,0,1,2,125.494,107.987,0,15,0
26508,440.0,10,44.0,101.444,11.851262801912716,1,0,0,0,0,3,3,94.92266666666667,86.71533333333333,0,12,0
21838,304.0,7,43.42857142857143,117.434,7.646027072931409,1,0,0,0,0,2,2,116.124,88.774,0,10,0
23151,687.0,12,57.25,63.852,12.429351149597474,1,0,0,0,0,4,3,95.11,94.95466666666668,0,12,0
28246,602.0,12,50.166666666666664,59.984,13.101516324456496,1,0,0,0,0,3,3,82.822,63.184,0,15,0
22248,286.0,7,40.857142857142854,112.73,12.201155682967087,0,0,0,0,0,1,1,112.73,112.73,0,10,0
19759,623.0,12,51.916666666666664,80.4,11.347407192834844,1,0,0,0,0,4,1,76.72800000000001,80.4,0,13,0
21870,498.0,7,71.14285714285714,87.526,8.36429494936662,1,0,0,0,0,2,2,73.411,78.692,0,13,0
13305,198.0,17,11.647058823529411,57.618,10.232867144647196,0,0,0,0,0,2,1,59.760000000000005,57.618,0,12,0
27141,668.0,13,51.38461538461539,69.888,12.652184396379942,0,0,0,0,0,3,3,78.14133333333334,85.68,0,10,0
24761,425.0,7,60.714285714285715,66.51,7.62589011198037,1,0,0,0,0,2,1,67.774,66.51,0,13,0
23880,1016.0,17,59.76470588235294,91.398,13.9378430899476,0,0,1,0,0,1,3,91.398,100.642,1,12,0
18518,727.0,31,23.451612903225808,114.814,10.690457427070177,0,0,0,0,0,2,1,116.124,114.814,0,12,0
29634,465.0,7,66.42857142857143,88.524,9.494578979607258,1,0,0,0,0,3,2,94.92266666666667,98.311,0,14,0
18239,520.0,31,16.774193548387096,75.898,11.72226812523924,0,0,0,0,0,1,1,75.898,75.898,0,12,0
25770,659.0,14,47.07142857142857,89.306,9.685560386472226,0,0,1,0,0,4,2,76.72800000000001,74.605,0,12,0
14403,541.0,9,60.111111111111114,139.298,11.623109308614463,1,0,0,0,0,1,1,139.298,139.298,0,15,0
27985,314.0,7,44.857142857142854,94.07,8.956369242053388,1,0,0,0,0,1,2,94.07,92.695,0,15,0
28935,215.0,7,30.714285714285715,57.25,14.056388227421722,1,0,0,0,0,1,2,57.25,63.675,0,15,0
21385,603.0,12,50.25,81.436,14.358458482720216,1,0,0,0,0,1,2,81.436,74.723,0,13,0
20557,721.0,13,55.46153846153846,83.24600000000001,7.730470878284191,1,0,0,0,0,1,2,83.24600000000001,76.142,0,12,0
21238,616.0,13,47.38461538461539,48.914,4.379586738494854,1,0,0,0,0,4,1,58.9435,48.914,0,13,0
22088,528.0,10,52.8,82.634,7.039057465314513,1,0,0,0,0,2,2,84.818,83.517,0,15,0
15913,833.0,15,55.53333333333333,135.06199999999998,16.81007644241989,1,0,0,0,0,1,2,135.06199999999998,104.50699999999999,1,15,0
26881,338.0,8,42.25,85.072,12.058130866763722,1,0,0,0,0,4,1,86.052,85.072,0,15,0
19116,843.0,29,29.06896551724138,77.836,11.671941997799683,1,0,0,0,0,1,1,77.836,77.836,1,12,0
14461,372.0,7,53.142857142857146,82.184,13.935061176758428,1,0,0,0,0,4,3,78.4985,75.70933333333333,0,15,0
19652,898.0,14,64.14285714285714,55.242,3.111417683307723,1,0,0,0,0,3,3,72.72866666666667,80.58266666666667,1,13,0
24808,389.0,8,48.625,80.426,6.372435170325387,0,0,0,0,0,3,2,66.702,59.439,0,12,0
18401,2779.0,41,67.78048780487805,214.458,12.328891677681325,0,0,0,0,0,3,1,142.94866666666667,214.458,1,12,0
24890,402.0,9,44.666666666666664,58.59400000000001,14.114173018636269,1,0,0,0,0,4,1,78.4985,58.59400000000001,0,15,0
15277,603.0,13,46.38461538461539,117.422,8.767472269702363,1,0,0,0,0,3,2,87.07066666666667,85.636,0,15,0
16865,210.0,7,30.0,62.414,15.419191937322788,0,0,0,0,0,3,2,70.28066666666666,87.858,0,10,0
27682,388.0,8,48.5,100.266,12.692361088465768,1,0,0,0,0,3,1,85.944,100.266,0,12,0
22351,2706.0,28,96.64285714285714,163.082,8.801804928535974,0,0,0,0,0,1,2,163.082,162.966,1,12,0
16013,461.0,9,51.22222222222222,50.114,8.775558671674418,1,0,0,0,0,2,2,75.695,54.682,0,15,0
19618,518.0,11,47.09090909090909,70.588,15.776508485720155,1,0,0,0,0,1,3,70.588,63.37866666666667,0,13,0
12691,528.0,11,48.0,47.8,11.004285528829213,1,0,0,0,0,5,3,81.4508,65.02533333333334,0,12,0
29560,833.0,17,49.0,94.86,8.36290320403148,1,0,0,0,0,1,3,94.86,85.74733333333334,1,12,0
22159,1116.0,17,65.6470588235294,78.71000000000001,8.553902618103624,1,0,0,0,0,3,2,87.07066666666667,74.69900000000001,1,13,0
27484,850.0,14,60.714285714285715,134.568,13.726240198976564,0,0,0,0,0,2,2,104.89600000000002,112.415,1,16,0
15212,1486.0,46,32.30434782608695,122.072,4.098605860533556,0,0,0,0,0,1,1,122.072,122.072,1,12,0
29638,819.0,15,54.6,91.32,4.166095294157344,1,0,0,0,0,2,2,95.559,92.695,1,15,0
20402,716.0,15,47.733333333333334,88.94200000000001,12.711125835267309,1,0,0,0,0,1,3,88.94200000000001,76.75933333333334,0,15,0
27502,814.0,14,58.142857142857146,71.364,9.886214138890582,1,0,0,0,0,4,2,72.791,71.807,1,15,0
27152,926.0,17,54.470588235294116,74.162,8.073928411869904,1,0,0,0,0,2,3,54.699000000000005,85.07133333333333,1,13,0
25592,514.0,10,51.4,59.818,11.945583702774844,1,0,0,0,0,2,3,90.064,63.184,0,15,0
22959,556.0,21,26.476190476190474,64.7,12.58162946521634,0,0,0,0,0,1,1,64.7,64.7,0,12,0
19127,414.0,8,51.75,38.318,12.235289943438202,1,0,0,0,0,2,1,76.47200000000001,38.318,0,13,0
12340,259.0,13,19.923076923076923,61.902,10.696140425405792,1,0,0,0,0,2,5,59.760000000000005,69.19800000000001,0,12,0
13813,453.0,9,50.333333333333336,62.102,9.41810862116168,1,0,0,0,0,2,3,75.33500000000001,80.676,0,13,0
19184,645.0,13,49.61538461538461,79.50399999999999,5.615312101744655,1,0,0,0,0,1,1,79.50399999999999,79.50399999999999,0,15,0
22542,874.0,15,58.266666666666666,119.08599999999998,8.746103703935828,1,0,0,0,0,1,1,119.08599999999998,119.08599999999998,1,14,0
19675,870.0,13,66.92307692307692,100.758,13.512827979368351,1,0,0,0,0,2,1,84.154,100.758,1,15,0
17928,566.0,10,56.6,53.85,11.650815422106726,0,0,1,0,0,2,2,58.882000000000005,85.636,0,12,0
12698,903.0,14,64.5,67.22999999999999,12.326201766967795,1,0,0,0,0,3,2,91.48333333333333,105.68199999999999,1,11,0
15652,2348.0,43,54.604651162790695,213.278,9.057031522524367,0,0,0,0,0,1,1,213.278,213.278,1,12,0
26555,754.0,15,50.266666666666666,63.622,7.247066302994609,1,0,0,0,0,2,3,84.638,74.32666666666667,0,15,0
21987,447.0,9,49.666666666666664,98.694,11.219248192280975,1,0,0,0,0,1,2,98.694,81.292,0,15,0
16828,793.0,12,66.08333333333333,140.844,13.196915548718197,1,0,0,0,0,3,3,114.06733333333334,104.92866666666664,0,13,0
27029,720.0,12,60.0,79.724,6.497921206047369,1,0,0,0,0,2,3,65.424,90.37666666666667,0,12,0
15395,413.0,7,59.0,76.304,13.727544572865163,1,0,0,0,0,4,4,76.821,94.251,0,13,0
15889,817.0,15,54.46666666666667,135.988,10.992712131225847,1,0,0,0,0,1,2,135.988,99.726,1,13,0
17919,907.0,16,56.6875,87.17999999999999,11.091244294487437,1,0,0,0,0,2,1,89.419,87.17999999999999,1,15,0
27585,619.0,11,56.27272727272727,61.634,10.522981041511008,1,0,0,0,0,3,1,87.017,61.634,0,13,0
26471,393.0,9,43.666666666666664,59.65,8.557499634823248,1,0,0,0,0,2,2,59.777,89.86,0,15,0
17998,729.0,15,48.6,101.236,14.641490019803303,1,0,0,0,0,1,1,101.236,101.236,0,15,0
27450,683.0,12,56.916666666666664,56.31,10.82823854558072,1,0,0,0,0,1,2,56.31,47.144000000000005,0,13,0
24143,824.0,14,58.857142857142854,84.52799999999999,11.914101728623937,1,0,0,0,0,2,2,86.41999999999999,97.088,1,15,0
25626,584.0,11,53.09090909090909,119.908,14.542144614877136,1,0,0,0,0,3,1,109.32933333333334,119.908,0,12,0
21278,539.0,10,53.9,75.224,3.3941096034158904,1,0,0,0,0,2,4,104.89600000000002,94.251,0,13,0
19549,842.0,17,49.529411764705884,92.434,11.732004517557945,1,0,0,0,0,1,1,92.434,92.434,1,12,0
19074,687.0,14,49.07142857142857,83.512,14.82713121274646,1,0,0,0,0,2,1,86.8,83.512,0,12,0
26452,765.0,17,45.0,119.112,5.696153965615748,1,0,0,0,0,2,1,104.79599999999999,119.112,0,13,0
21814,609.0,11,55.36363636363637,78.46000000000001,8.329666860085107,1,0,0,0,0,2,2,94.054,94.023,0,12,0
27402,403.0,8,50.375,54.282,9.049155761727173,1,0,0,0,0,2,1,83.149,54.282,0,13,0
20462,464.0,10,46.4,49.782,15.675559639132508,1,0,0,0,0,2,1,81.96199999999999,49.782,0,12,0
23173,340.0,7,48.57142857142857,107.614,13.574909944452672,1,0,0,0,0,4,3,80.524,80.676,0,15,0
18832,707.0,15,47.13333333333333,116.19,14.037629785686756,1,0,0,0,0,2,4,91.136,94.251,0,10,0
12153,820.0,10,82.0,73.696,10.550394779343565,1,0,0,0,0,2,1,77.56299999999999,73.696,1,12,0
23178,422.0,9,46.888888888888886,121.196,10.37452794106798,1,0,0,0,0,2,1,106.001,121.196,0,10,0
14206,614.0,11,55.81818181818182,132.392,12.858859591736737,1,0,0,0,0,1,1,132.392,132.392,0,12,0
22201,527.0,3,175.66666666666666,47.04,15.354896613132894,1,0,0,0,0,1,2,47.04,77.493,0,12,0
21233,455.0,7,65.0,120.31,11.282360125434757,1,0,0,0,0,2,3,90.064,91.02933333333334,0,12,0
26000,481.0,8,60.125,68.462,10.224224664980715,1,0,0,0,0,3,4,60.39266666666666,95.1585,0,12,0
19260,2270.0,41,55.36585365853659,181.868,10.990228387071852,1,0,0,0,0,1,1,181.868,181.868,1,12,0
27828,658.0,11,59.81818181818182,90.262,13.837227684764027,1,0,0,0,0,2,2,82.391,112.415,0,12,0
17880,281.0,8,35.125,51.848,10.942936991502789,1,0,0,0,0,2,2,64.78399999999999,80.619,0,12,0
15739,443.0,10,44.3,66.082,11.549208630897615,1,0,0,0,0,2,2,91.136,75.264,0,15,0
26232,905.0,17,53.23529411764706,115.256,5.391593456483897,1,0,0,0,0,1,1,115.256,115.256,1,15,0
19456,236.0,7,33.714285714285715,58.760000000000005,8.11436072651444,1,0,0,0,0,2,1,93.827,58.760000000000005,0,13,0
26393,551.0,11,50.09090909090909,67.55,9.61883828744408,1,0,0,0,0,2,1,84.154,67.55,0,15,0
22269,339.0,7,48.42857142857143,42.238,9.613228906044004,1,0,0,0,0,1,2,42.238,60.613,0,15,0
22275,307.0,8,38.375,112.016,13.943167860999168,1,0,0,0,0,2,1,83.149,112.016,0,13,0
12788,702.0,12,58.5,117.872,12.069835127291505,0,0,0,0,0,1,1,117.872,117.872,0,12,0
13719,645.0,15,43.0,75.012,9.669869182155464,1,0,0,0,0,3,2,82.74733333333334,70.4,0,15,0
24380,331.0,7,47.285714285714285,73.846,13.926185048318148,1,0,0,0,0,1,2,73.846,66.412,0,13,0
14867,410.0,8,51.25,69.75,11.010056766429496,1,0,0,0,0,2,3,69.97800000000001,63.184,0,13,0
25556,335.0,7,47.857142857142854,51.246,16.221069015326947,1,0,0,0,0,1,2,51.246,60.319,0,10,0
14423,576.0,9,64.0,88.736,11.83918198187695,0,0,0,0,0,3,3,78.14133333333334,80.35933333333334,0,12,0
17269,389.0,8,48.625,101.82,11.2602952892009,1,0,0,0,0,1,1,101.82,101.82,0,13,0
18889,532.0,11,48.36363636363637,86.306,7.521019212846087,1,0,0,0,0,1,1,86.306,86.306,0,14,0
14924,641.0,12,53.416666666666664,66.13199999999999,8.493860724075951,1,0,0,0,0,2,1,92.312,66.13199999999999,0,12,0
26956,551.0,10,55.1,86.646,6.418136801284307,0,0,0,0,0,1,3,86.646,78.738,0,12,0
15937,513.0,10,51.3,63.914,9.16158992751804,1,0,0,0,0,2,3,58.882000000000005,68.42399999999999,0,15,0
19895,416.0,7,59.42857142857143,51.174,9.959672685384795,1,0,0,0,0,1,3,51.174,93.85933333333332,0,12,0
12504,3032.0,23,131.82608695652175,218.216,10.764524141828106,0,0,0,0,0,1,1,218.216,218.216,1,12,0
28921,980.0,16,61.25,86.976,13.827314634447282,0,0,1,0,0,2,1,90.42099999999999,86.976,1,12,0
23014,360.0,7,51.42857142857143,91.85,9.988375743833435,1,0,0,0,0,2,1,68.044,91.85,0,15,0
27711,963.0,17,56.64705882352941,101.877,29.00098161173936,1,0,0,0,0,3,1,87.017,101.877,1,14,0
23223,814.0,16,50.875,91.624,14.33604303843986,1,0,0,0,0,2,3,94.565,75.98,1,12,0
13148,692.0,24,28.833333333333332,53.608,12.539153480199532,0,0,0,0,0,1,2,53.608,72.783,0,11,0
14113,360.0,15,24.0,71.05,10.664157256905025,0,0,0,0,0,1,2,71.05,67.983,0,12,0
29492,467.0,11,42.45454545454545,78.03,13.686644950461744,1,0,0,0,0,4,3,78.4985,98.87466666666667,0,13,0
29684,559.0,10,55.9,69.294,7.808558125544047,1,0,0,0,0,3,3,81.66799999999999,80.58266666666667,0,12,0
17741,560.0,10,56.0,74.532,17.087419933974818,1,0,0,0,0,1,1,74.532,74.532,0,13,0
20244,522.0,9,58.0,118.716,13.471307657387978,1,0,0,0,0,2,1,94.523,118.716,0,15,0
23362,818.0,16,51.125,63.89,12.157567602115158,1,0,0,0,0,2,2,81.631,81.292,1,12,0
27810,617.0,13,47.46153846153846,119.346,10.665680006450597,1,0,0,0,0,4,3,76.821,100.642,0,15,0
26746,557.0,11,50.63636363636363,68.736,8.263333467796153,1,0,0,0,0,2,1,83.979,68.736,0,13,0
28143,460.0,10,46.0,80.488,10.182147121309924,1,0,0,0,0,2,2,73.606,77.469,0,12,0
19085,344.0,10,34.4,49.086,7.661692371793584,1,0,0,0,0,2,2,91.898,86.945,0,12,0
28125,633.0,13,48.69230769230769,114.56,10.028402165848757,0,0,0,0,0,1,2,114.56,107.565,0,12,0
13692,832.0,14,59.42857142857143,70.81,12.627858092329046,0,0,0,0,0,1,1,70.81,70.81,1,12,0
23637,782.0,14,55.857142857142854,80.71000000000001,8.347272009465128,1,0,0,0,0,1,2,80.71000000000001,81.305,0,15,0
12671,526.0,9,58.44444444444444,111.608,14.349194054022696,0,0,0,0,0,5,1,81.4508,111.608,0,12,0
24581,818.0,16,51.125,135.442,9.056570542981486,0,0,0,0,0,3,3,108.33533333333334,97.06733333333334,1,16,0
16143,671.0,12,55.916666666666664,73.008,11.539879548764794,1,0,0,0,0,2,1,63.10799999999999,73.008,0,13,0
21887,441.0,10,44.1,63.464,12.692953950913076,1,0,0,0,0,3,2,86.524,99.726,0,10,0
16657,501.0,8,62.625,47.898,9.372383368172686,1,0,0,0,0,1,1,47.898,47.898,0,12,0
23620,772.0,16,48.25,66.678,7.715197340314763,1,0,0,0,0,2,2,63.025,71.331,0,15,0
28857,685.0,14,48.92857142857143,61.198,8.784441928773848,1,0,0,0,0,1,2,61.198,83.275,0,15,0
12709,651.0,17,38.294117647058826,57.276,13.62183100761421,0,0,0,0,0,2,2,78.923,83.164,0,12,0
21111,494.0,12,41.166666666666664,75.628,12.618550629925764,1,0,0,0,0,1,4,75.628,67.2705,0,15,0
12828,323.0,15,21.533333333333335,55.486,11.929871332080658,1,0,0,0,0,1,5,55.486,69.19800000000001,0,12,0
13226,264.0,20,13.2,24.858,11.200735243723956,0,0,0,0,0,3,1,62.910666666666664,24.858,0,12,0
15153,682.0,16,42.625,120.07,10.747122870796632,1,0,0,0,0,4,2,84.29849999999999,89.86,0,15,0
16798,940.0,17,55.294117647058826,95.566,14.312588165667304,1,0,0,0,0,2,1,96.868,95.566,1,12,0
15904,2640.0,35,75.42857142857143,167.074,11.463366870165157,1,0,0,0,0,1,1,167.074,167.074,1,12,0
27960,309.0,10,30.9,36.040000000000006,4.204408400714659,1,0,0,0,0,1,1,36.040000000000006,36.040000000000006,0,12,0
24555,410.0,9,45.55555555555556,50.242,14.436286572384189,1,0,0,0,0,1,2,50.242,81.068,0,14,0
27731,287.0,8,35.875,95.97,12.391454716860329,1,0,0,0,0,3,2,90.79666666666667,111.047,0,13,0
18833,855.0,16,53.4375,125.93,11.71035225772478,1,0,0,0,0,1,1,125.93,125.93,1,13,0
12778,1297.0,22,58.95454545454545,137.602,10.099456421015931,1,0,0,0,0,1,1,137.602,137.602,1,12,0
26653,448.0,9,49.77777777777778,70.734,11.966909793259084,1,0,0,0,0,1,3,70.734,76.75933333333334,0,12,0
25780,808.0,15,53.86666666666667,107.372,11.140788571730464,1,0,0,0,0,3,2,107.34733333333334,89.92599999999999,1,15,0
29278,344.0,8,43.0,53.95,9.193451473739335,1,0,0,0,0,2,2,81.61800000000001,87.256,0,12,0
22224,827.0,16,51.6875,97.506,12.457605307602256,1,0,0,0,0,2,2,94.565,87.372,1,14,0
28318,512.0,11,46.54545454545455,53.89,8.120301718532385,0,0,0,0,0,1,1,53.89,53.89,0,10,0
20429,786.0,17,46.23529411764706,102.498,12.645258795295572,1,0,0,0,0,2,2,104.772,84.077,0,13,0
23222,836.0,17,49.1764705882353,80.708,11.643243534342137,1,0,0,0,0,2,3,109.663,104.92866666666664,1,12,0
29792,456.0,10,45.6,58.612,14.329986741096448,0,0,0,0,0,1,2,58.612,70.895,0,16,0
20924,664.0,11,60.36363636363637,125.252,3.776939237001297,1,0,0,0,0,2,1,90.201,125.252,0,15,0
27089,636.0,11,57.81818181818182,99.64,9.045076008525298,1,0,0,0,0,5,1,91.22720000000001,99.64,0,13,0
12628,2389.0,35,68.25714285714285,142.99200000000002,13.575977681183756,0,0,0,0,0,2,2,126.302,104.31900000000002,1,12,0
22613,1661.0,15,110.73333333333333,120.74,16.22951632058084,0,0,0,0,0,5,2,81.4508,82.377,1,12,0
14265,845.0,49,17.244897959183675,64.916,9.349688764873402,1,0,0,0,0,2,2,99.96199999999999,67.983,1,11,0
25529,640.0,12,53.333333333333336,63.666,10.227095384321004,1,0,0,0,0,1,2,63.666,67.533,0,12,0
17974,491.0,11,44.63636363636363,64.62199999999999,7.089059881253647,1,0,0,0,0,1,2,64.62199999999999,63.233,0,15,0
24045,767.0,13,59.0,96.438,15.114210862628587,1,0,0,0,0,3,3,112.25133333333333,94.95466666666668,0,10,0
23407,780.0,14,55.714285714285715,74.52000000000001,8.258538006209088,0,0,0,0,0,2,1,82.391,74.52000000000001,0,16,0
12784,708.0,15,47.2,121.03,14.54092156639323,0,0,0,0,0,2,4,99.257,87.6465,0,12,0
25026,497.0,11,45.18181818181818,76.396,13.14707686141676,1,0,0,0,0,1,1,76.396,76.396,0,10,0
25769,686.0,12,57.166666666666664,80.02000000000001,7.441327166574515,0,0,0,0,0,2,1,94.21300000000001,80.02000000000001,0,10,0
15700,616.0,12,51.333333333333336,48.988,8.86101969301502,1,0,0,0,0,2,2,78.935,61.594,0,15,0
23564,899.0,17,52.88235294117647,63.30799999999999,12.598510626260548,0,0,0,0,0,1,1,63.30799999999999,63.30799999999999,1,16,0
21077,975.0,15,65.0,138.282,8.675345526260035,1,0,0,0,0,2,5,110.73,95.744,1,15,0
21066,335.0,7,47.857142857142854,61.84400000000001,13.048579616188116,1,0,0,0,0,4,2,72.791,63.233,0,10,0
16638,873.0,16,54.5625,130.116,14.598338261596767,1,0,0,0,0,1,1,130.116,130.116,1,13,0
22394,884.0,15,58.93333333333333,70.316,11.252800984643784,1,0,0,0,0,4,2,90.058,86.178,1,12,0
27197,653.0,16,40.8125,85.126,9.992188448983535,1,0,0,0,0,4,3,84.6785,75.15133333333334,0,12,0
23427,385.0,7,55.0,68.33000000000001,11.50652640895592,1,0,0,0,0,1,3,68.33000000000001,97.06733333333334,0,12,0
20127,866.0,15,57.733333333333334,58.038,7.892988660830572,1,0,0,0,0,3,1,57.36533333333333,58.038,1,15,0
21456,363.0,7,51.857142857142854,27.712,4.368795028380251,1,0,0,0,0,2,3,77.814,61.62199999999999,0,13,0
19713,1726.0,31,55.67741935483871,109.052,11.149725108719048,1,0,0,0,0,1,2,109.052,83.164,1,9,0
28607,540.0,11,49.09090909090909,59.528,8.65558605756999,1,0,0,0,0,1,1,59.528,59.528,0,13,0
21180,467.0,9,51.888888888888886,80.264,10.626077827684115,1,0,0,0,0,2,3,66.027,63.37866666666667,0,12,0
22752,734.0,14,52.42857142857143,128.894,9.15468896249348,1,0,0,0,0,2,1,93.827,128.894,0,15,0
13209,529.0,13,40.69230769230769,67.774,11.135916217357238,1,0,0,0,0,1,1,67.774,67.774,0,13,0
25601,833.0,15,55.53333333333333,133.84,5.468048097813329,1,0,0,0,0,1,1,133.84,133.84,1,13,0
29665,752.0,14,53.714285714285715,80.3,5.537025374693527,1,0,0,0,0,1,3,80.3,102.97466666666666,0,15,0
20024,558.0,8,69.75,74.782,11.98074162979905,1,0,0,0,0,1,3,74.782,82.226,0,12,0
26773,403.0,8,50.375,74.71000000000001,5.507935184803833,1,0,0,0,0,1,3,74.71000000000001,80.35933333333334,0,15,0
17436,827.0,13,63.61538461538461,138.618,12.226149025756229,1,0,0,0,0,2,1,109.663,138.618,1,10,0
28304,979.0,17,57.588235294117645,127.91599999999998,8.629399167960656,0,0,0,0,0,2,3,77.814,99.71266666666666,1,16,0
21289,661.0,13,50.84615384615385,73.936,14.519878787372846,0,0,1,0,0,5,1,91.22720000000001,73.936,0,12,0
21274,758.0,13,58.30769230769231,55.966,9.598548327742062,0,0,0,0,0,2,1,81.305,55.966,0,16,0
25268,924.0,16,57.75,76.792,11.658868727282254,1,0,0,0,0,1,2,76.792,98.661,1,12,0
20503,956.0,16,59.75,126.16400000000002,8.773285017597466,1,0,0,0,0,2,1,102.88300000000001,126.16400000000002,1,15,0
27914,575.0,10,57.5,70.874,9.192465936841971,1,0,0,0,0,4,1,90.058,70.874,0,13,0
25985,663.0,13,51.0,89.38199999999999,13.4741853186009,1,0,0,0,0,4,1,84.29849999999999,89.38199999999999,0,15,0
13565,451.0,9,50.111111111111114,44.238,11.926513321168091,1,0,0,0,0,2,2,68.044,82.74799999999999,0,15,0
29842,430.0,8,53.75,69.038,12.004691582877088,1,0,0,0,0,2,2,67.774,76.142,0,15,0
13571,634.0,15,42.266666666666666,59.29600000000001,8.175700581601554,1,0,0,0,0,2,1,73.411,59.29600000000001,0,10,0
21358,812.0,15,54.13333333333333,77.4,16.188055781964678,1,0,0,0,0,1,1,77.4,77.4,1,15,0
16411,721.0,14,51.5,67.768,15.195590478819836,1,0,0,0,0,1,4,67.768,67.2705,0,15,0
18312,893.0,37,24.135135135135137,135.00799999999998,10.606833646286717,0,0,0,0,0,2,1,99.96199999999999,135.00799999999998,1,12,0
16622,1127.0,17,66.29411764705883,133.882,11.812305871420708,1,0,0,0,0,3,2,99.62466666666667,104.666,1,13,0
25467,969.0,16,60.5625,91.182,10.449912439824551,1,0,0,0,0,1,3,91.182,100.642,1,15,0
13456,744.0,15,49.6,68.228,9.864827418662731,1,0,0,0,0,2,2,69.645,77.762,0,13,0
29412,452.0,12,37.666666666666664,48.77,9.1553536250655,1,0,0,0,0,4,2,58.9435,69.812,0,13,0
16472,472.0,14,33.714285714285715,77.13199999999999,13.36982685003811,1,0,0,0,0,3,1,66.51866666666666,77.13199999999999,0,12,0
20640,614.0,11,55.81818181818182,80.40799999999999,6.368867246222046,1,0,0,0,0,3,2,95.80133333333333,79.30699999999999,0,12,0
27252,328.0,8,41.0,53.654,14.625080512598895,1,0,0,0,0,1,3,53.654,74.32666666666667,0,12,0
12867,1922.0,17,113.05882352941177,183.246,9.601944073988362,0,0,0,0,0,3,1,151.04399999999998,183.246,1,12,0
17517,841.0,16,52.5625,75.566,10.473835496130343,0,0,0,0,0,2,2,83.21000000000001,107.20700000000001,1,12,0
19926,723.0,12,60.25,67.808,3.3088547867804707,1,0,0,0,0,3,4,108.33533333333334,67.2705,0,12,0
14130,697.0,14,49.785714285714285,109.648,16.494558799798188,1,0,0,0,0,2,2,94.054,97.088,0,12,0
22746,940.0,16,58.75,92.052,9.695494830074429,1,0,0,0,0,1,3,92.052,85.74733333333334,1,15,0
27583,416.0,9,46.22222222222222,79.436,10.856911623477464,0,0,1,0,0,3,1,69.53933333333333,79.436,0,12,0
23368,551.0,9,61.22222222222222,66.724,10.95381349120022,1,0,0,0,0,2,2,73.606,79.965,0,15,0
13587,814.0,16,50.875,72.422,9.56746936237582,1,0,0,0,0,1,2,72.422,82.732,1,15,0
18778,535.0,11,48.63636363636363,70.688,10.456118782798905,1,0,0,0,0,2,2,83.99000000000001,74.69900000000001,0,15,0
22108,828.0,17,48.705882352941174,95.186,17.18856538516231,1,0,0,0,0,4,1,78.4985,95.186,1,13,0
24391,483.0,9,53.666666666666664,74.87,8.168148505016301,0,0,1,0,0,1,1,74.87,74.87,0,12,0
17601,442.0,8,55.25,113.302,11.238828675622738,0,0,0,0,0,3,2,107.34733333333334,87.858,0,12,0
25981,520.0,8,65.0,68.00999999999999,11.400853038259898,1,0,0,0,0,4,2,84.6785,74.723,0,15,0
20214,771.0,13,59.30769230769231,59.25,13.177057714072593,1,0,0,0,0,2,2,66.601,54.682,0,12,0
29833,635.0,12,52.916666666666664,100.57,6.507891363567767,1,0,0,0,0,2,2,78.923,107.565,0,15,0
29622,420.0,10,42.0,71.55199999999999,15.82119053674533,1,0,0,0,0,4,1,72.791,71.55199999999999,0,15,0
22473,1211.0,23,52.65217391304348,90.184,10.526012065355044,0,1,0,0,0,1,1,90.184,90.184,1,11,0
29373,629.0,11,57.18181818181818,104.366,10.72143553821036,1,0,0,0,0,1,5,104.366,84.6396,0,15,0
22086,560.0,10,56.0,59.372,12.799074966574736,1,0,0,0,0,2,5,63.025,84.6396,0,12,0
22278,431.0,8,53.875,41.808,8.956747177407658,1,0,0,0,0,3,3,57.36533333333333,84.59133333333334,0,12,0
14744,272.0,9,30.22222222222222,61.916,15.494730717247077,1,0,0,0,0,2,1,85.684,61.916,0,15,0
25801,797.0,16,49.8125,88.45,9.912368536328742,1,0,0,0,0,1,1,88.45,88.45,0,13,0
28736,586.0,12,48.833333333333336,83.718,10.157377614325464,1,0,0,0,0,1,5,83.718,95.744,0,15,0
29334,554.0,10,55.4,56.13199999999999,11.776137736966222,1,0,0,0,0,1,1,56.13199999999999,56.13199999999999,0,14,0
20544,457.0,9,50.77777777777778,80.666,10.682304526645922,1,0,0,0,0,3,1,114.06733333333334,80.666,0,12,0
25398,628.0,14,44.857142857142854,53.258,14.15355503045083,1,0,0,0,0,2,1,74.312,53.258,0,13,0
20756,796.0,13,61.23076923076923,86.7,3.877350899776808,0,0,1,0,0,1,2,86.7,85.74600000000001,0,12,0
24816,714.0,14,51.0,65.41799999999999,10.47263672624999,1,0,0,0,0,4,3,80.524,65.02533333333334,0,15,0
12723,1669.0,18,92.72222222222223,106.0,3.462600179056192,1,0,0,0,0,1,3,106.0,101.80466666666666,1,12,0
18415,396.0,30,13.2,107.946,8.596724957796429,0,0,0,0,0,1,2,107.946,77.493,0,12,0
29471,873.0,15,58.2,81.9,15.67842944940596,1,0,0,0,0,1,2,81.9,81.305,1,15,0
19810,900.0,14,64.28571428571429,75.45,13.7248023665188,1,0,0,0,0,4,2,80.524,104.666,1,12,0
19309,563.0,19,29.63157894736842,69.79400000000001,15.45115950341592,0,0,0,0,0,1,1,69.79400000000001,69.79400000000001,0,12,0
12575,859.0,16,53.6875,121.258,11.233951664485645,1,0,0,0,0,3,2,82.74733333333334,82.74799999999999,1,14,0
24518,606.0,11,55.09090909090909,75.77000000000001,10.251577927324162,0,0,1,0,0,1,1,75.77000000000001,75.77000000000001,0,12,0
14238,998.0,17,58.705882352941174,77.72,10.12701338006423,1,0,0,0,0,2,3,64.78399999999999,68.42399999999999,1,13,0
25898,479.0,12,39.916666666666664,46.572,11.71311956739109,1,0,0,0,0,1,2,46.572,86.08,0,10,0
24471,417.0,8,52.125,119.754,7.427464574132949,1,0,0,0,0,3,2,112.25133333333333,130.577,0,15,0
13835,282.0,7,40.285714285714285,99.696,10.988222331205352,1,0,0,0,0,2,1,102.524,99.696,0,12,0
27414,658.0,13,50.61538461538461,61.720000000000006,11.469163003462803,1,0,0,0,0,1,1,61.720000000000006,61.720000000000006,0,12,0
17615,1283.0,23,55.78260869565217,82.584,12.85019377285806,1,0,0,0,0,1,1,82.584,82.584,1,11,0
25899,963.0,17,56.64705882352941,90.286,11.861141597670938,1,0,0,0,0,1,2,90.286,80.372,1,13,0
18311,890.0,37,24.054054054054053,98.292,13.12001219511628,0,0,0,0,0,1,1,98.292,98.292,1,12,0
19771,368.0,8,46.0,109.558,12.4543915949355,1,0,0,0,0,1,2,109.558,86.21900000000001,0,12,0
15085,909.0,15,60.6,144.63600000000002,12.80769417186404,1,0,0,0,0,4,2,90.058,117.76200000000001,1,15,0
19641,631.0,10,63.1,109.784,11.705497853572917,1,0,0,0,0,1,3,109.784,82.992,0,15,0
23149,706.0,13,54.30769230769231,87.296,13.582053600247642,1,0,0,0,0,2,2,100.22800000000001,77.762,0,15,0
20326,744.0,15,49.6,94.444,9.021049273781852,0,0,0,0,0,3,1,85.944,94.444,0,10,0
17162,513.0,10,51.3,86.404,11.01475056458384,1,0,0,0,0,4,3,72.791,78.738,0,15,0
25882,771.0,15,51.4,65.788,4.026787801709946,1,0,0,0,0,1,2,65.788,70.4,0,12,0
14583,413.0,8,51.625,41.496,11.120819664035558,1,0,0,0,0,1,1,41.496,41.496,0,12,0
20437,815.0,16,50.9375,57.934000000000005,5.54121196129511,1,0,0,0,0,1,3,57.934000000000005,75.15133333333334,1,13,0
13888,533.0,9,59.22222222222222,69.91,9.86802158489735,1,0,0,0,0,2,1,83.747,69.91,0,15,0
23133,852.0,16,53.25,79.70599999999999,10.204306933839256,1,0,0,0,0,2,1,101.881,79.70599999999999,1,14,0
18584,616.0,13,47.38461538461539,77.89200000000001,2.125292920987598,1,0,0,0,0,1,1,77.89200000000001,77.89200000000001,0,15,0
12790,829.0,15,55.266666666666666,77.738,13.374560553528484,1,0,0,0,0,3,2,71.07266666666666,70.715,1,15,0
20143,541.0,11,49.18181818181818,72.99199999999999,7.99699443541134,1,0,0,0,0,1,1,72.99199999999999,72.99199999999999,0,10,0
26895,664.0,13,51.07692307692308,74.2,6.520364253628783,1,0,0,0,0,1,2,74.2,61.594,0,14,0
27065,538.0,12,44.833333333333336,55.61,12.79975976337056,1,0,0,0,0,1,3,55.61,61.373333333333335,0,15,0
18693,993.0,17,58.411764705882355,82.622,4.4858076195931496,1,0,0,0,0,2,1,85.34,82.622,1,12,0
21776,710.0,15,47.333333333333336,141.154,8.536546725696521,1,0,0,0,0,2,1,111.506,141.154,0,13,0
23527,508.0,9,56.44444444444444,63.986,9.440708659841166,1,0,0,0,0,3,2,88.93733333333334,65.754,0,13,0
13609,779.0,12,64.91666666666667,83.178,4.201775815057251,1,0,0,0,0,2,2,110.73,70.895,0,12,0
19897,754.0,15,50.266666666666666,47.066,10.38057705525083,0,0,0,0,0,4,1,58.9435,47.066,0,16,0
20598,589.0,12,49.083333333333336,105.704,13.813802155815036,1,0,0,0,0,3,3,95.80133333333333,74.32666666666667,0,12,0
26200,896.0,17,52.705882352941174,70.33,9.113797232767473,1,0,0,0,0,2,3,94.523,85.74733333333334,1,13,0
15893,720.0,12,60.0,75.914,12.139801481078678,0,0,0,0,0,4,3,94.1695,79.66466666666668,0,10,0
22030,517.0,10,51.7,37.978,9.198267228125092,1,0,0,0,0,3,2,66.51866666666666,47.144000000000005,0,12,0
18946,619.0,12,51.583333333333336,110.598,6.815006969915735,0,0,0,0,0,2,3,87.145,84.59133333333334,0,12,0
24192,905.0,17,53.23529411764706,83.186,11.95804039130158,1,0,0,0,0,3,1,90.79666666666667,83.186,1,15,0
22644,2782.0,42,66.23809523809524,172.762,6.274150938573284,1,0,0,0,0,1,1,172.762,172.762,1,12,0
12069,419.0,15,27.933333333333334,72.58399999999999,11.824712681498855,0,0,0,0,0,1,1,72.58399999999999,72.58399999999999,0,12,0
26238,458.0,9,50.888888888888886,101.368,10.315673511700531,1,0,0,0,0,3,3,107.34733333333334,84.59133333333334,0,15,0
29604,532.0,10,53.2,110.55,7.769462658382497,1,0,0,0,0,3,2,75.40466666666667,81.075,0,12,0
27458,649.0,13,49.92307692307692,68.72,10.38337132149284,0,0,0,0,0,1,1,68.72,68.72,0,12,0
27103,773.0,14,55.214285714285715,109.39,12.733758282612404,1,0,0,0,0,1,2,109.39,80.619,0,15,0
18416,396.0,30,13.2,60.738,3.8358662646135095,0,0,0,0,0,3,1,142.94866666666667,60.738,0,12,0
25302,824.0,15,54.93333333333333,72.25,9.96353601890413,1,0,0,0,0,3,2,57.36533333333333,71.807,1,15,0
25220,856.0,15,57.06666666666667,119.204,8.668259917653597,1,0,0,0,0,4,1,88.682,119.204,1,13,0
16976,541.0,11,49.18181818181818,56.156000000000006,6.033223019249332,1,0,0,0,0,4,2,94.1695,63.971000000000004,0,12,0
27315,432.0,9,48.0,93.206,3.930277343903352,1,0,0,0,0,3,2,99.62466666666667,79.965,0,15,0
26685,696.0,11,63.27272727272727,90.802,12.762502497551177,1,0,0,0,0,2,1,65.211,90.802,0,15,0
21424,397.0,7,56.714285714285715,78.768,10.15758435849784,1,0,0,0,0,3,2,82.822,85.6045,0,12,0
15482,483.0,10,48.3,74.45,15.533566879503242,0,0,0,0,0,3,2,60.39266666666666,77.469,0,16,0
23489,433.0,7,61.857142857142854,38.452,10.695224167823692,1,0,0,0,0,1,2,38.452,59.439,0,10,0
28286,275.0,7,39.285714285714285,78.85,4.681543548873593,1,0,0,0,0,1,3,78.85,98.49399999999999,0,10,0
18915,952.0,16,59.5,105.676,8.930970272036516,1,0,0,0,0,1,3,105.676,94.714,1,13,0
12352,529.0,23,23.0,115.46,15.188517044135684,1,0,0,0,0,3,5,62.910666666666664,69.19800000000001,0,11,0
17151,763.0,16,47.6875,137.442,7.980336459072392,0,0,0,0,0,1,1,137.442,137.442,0,16,0
19742,421.0,8,52.625,70.602,4.516975758181576,1,0,0,0,0,3,3,86.524,76.75933333333334,0,12,0
19172,467.0,10,46.7,54.658,7.282219441900938,1,0,0,0,0,4,1,84.29849999999999,54.658,0,14,0
26242,323.0,7,46.142857142857146,63.074,11.844219265109874,1,0,0,0,0,1,3,63.074,75.70933333333333,0,12,0
28524,590.0,11,53.63636363636363,90.888,12.524894011527602,1,0,0,0,0,1,2,90.888,117.76200000000001,0,15,0
15690,762.0,14,54.42857142857143,69.39200000000001,9.501850872330085,1,0,0,0,0,4,2,95.11,60.319,0,14,0
13246,485.0,35,13.857142857142858,48.414,14.439376025299708,0,0,0,0,0,3,2,62.910666666666664,79.013,0,12,0
28221,442.0,10,44.2,51.6,11.897186642227654,1,0,0,0,0,2,2,54.739000000000004,81.075,0,13,0
13374,782.0,14,55.857142857142854,96.16,10.283272825321712,1,0,0,0,0,3,3,72.79133333333334,85.68,0,15,0
27128,473.0,9,52.55555555555556,73.614,14.665310429718152,0,0,0,0,0,4,1,80.524,73.614,0,12,0
23945,538.0,12,44.833333333333336,58.978,6.66925183210231,1,0,0,0,0,3,2,69.074,66.412,0,14,0
29377,399.0,10,39.9,50.672,12.243983012075766,1,0,0,0,0,3,5,81.66799999999999,84.6396,0,12,0
27680,916.0,16,57.25,92.98,11.759538681427946,1,0,0,0,0,5,1,91.22720000000001,92.98,1,10,0
21964,414.0,9,46.0,79.454,8.324727022551553,1,0,0,0,0,1,1,79.454,79.454,0,15,0
15121,548.0,11,49.81818181818182,93.866,9.368595412333692,1,0,0,0,0,2,3,90.42099999999999,90.37666666666667,0,12,0
15468,796.0,16,49.75,129.19400000000002,10.44971913498157,1,0,0,0,0,1,2,129.19400000000002,96.99300000000001,0,13,0
17377,817.0,15,54.46666666666667,148.37,10.779097828668217,1,0,0,0,0,1,1,148.37,148.37,1,10,0
25687,913.0,17,53.705882352941174,88.058,11.641525673209676,1,0,0,0,0,2,3,85.34,86.71533333333333,1,15,0
19915,567.0,10,56.7,109.7,15.105268948284236,1,0,0,0,0,2,3,87.741,98.49399999999999,0,15,0
18694,826.0,15,55.06666666666667,124.056,9.06998235940953,1,0,0,0,0,2,4,101.881,99.756,1,12,0
28934,712.0,15,47.46666666666667,132.1,10.979826956742086,1,0,0,0,0,4,3,95.11,87.144,0,13,0
15365,798.0,14,57.0,99.798,11.860919863147204,1,0,0,0,0,2,3,95.559,84.62933333333332,0,13,0
23853,748.0,11,68.0,104.288,12.13046041995109,1,0,0,0,0,1,1,104.288,104.288,0,15,0
21811,499.0,10,49.9,39.244,6.21971301588747,0,0,0,0,0,1,3,39.244,87.144,0,10,0
15517,375.0,8,46.875,38.266,9.307197752277537,1,0,0,0,0,3,3,60.39266666666666,57.620000000000005,0,15,0
14533,950.0,17,55.88235294117647,134.70999999999998,7.71405211286519,1,0,0,0,0,2,1,91.898,134.70999999999998,1,15,0
12796,314.0,4,78.5,77.48400000000001,14.380920693752538,0,0,0,0,0,2,2,99.257,85.001,0,12,0
23103,914.0,16,57.125,82.676,16.769793677919836,1,0,0,0,0,1,2,82.676,71.762,1,13,0
20934,916.0,16,57.25,87.42999999999999,6.323875394091818,1,0,0,0,0,1,3,87.42999999999999,97.06733333333334,1,13,0
23217,555.0,9,61.666666666666664,88.56800000000001,12.49460763689681,1,0,0,0,0,2,2,75.33500000000001,98.72500000000001,0,15,0
16431,661.0,14,47.214285714285715,117.212,12.929716547550456,1,0,0,0,0,1,3,117.212,80.58266666666667,0,12,0
16092,343.0,7,49.0,35.236000000000004,8.6293499175778,1,0,0,0,0,2,1,54.699000000000005,35.236000000000004,0,15,0
29065,554.0,12,46.166666666666664,95.522,5.146102408619552,1,0,0,0,0,1,1,95.522,95.522,0,12,0
15803,724.0,12,60.333333333333336,57.878,9.002073094571047,1,0,0,0,0,2,4,54.739000000000004,67.2705,0,15,0
18486,957.0,15,63.8,101.292,15.723111015317548,1,0,0,0,0,3,2,95.80133333333333,101.28399999999999,1,13,0
28086,932.0,17,54.8235294117647,97.54,13.113937242491282,1,0,0,0,0,3,3,87.017,90.37666666666667,1,15,0
23263,478.0,9,53.111111111111114,39.284000000000006,10.614715257603477,1,0,0,0,0,1,3,39.284000000000006,63.37866666666667,0,15,0
21099,540.0,11,49.09090909090909,55.38,12.941060621139211,1,0,0,0,0,3,1,66.702,55.38,0,13,0
18465,969.0,17,57.0,80.208,3.030151811378427,1,0,0,0,0,1,2,80.208,77.83500000000001,1,13,0
19141,858.0,17,50.470588235294116,92.44,9.772481772814928,1,0,0,0,0,3,3,69.074,93.85933333333332,1,15,0
22643,2785.0,44,63.29545454545455,173.886,12.968033004276316,1,0,0,0,0,1,1,173.886,173.886,1,12,0
28995,599.0,10,59.9,73.084,13.39533612866807,1,0,0,0,0,4,2,84.29849999999999,68.69200000000001,0,12,0
20395,599.0,11,54.45454545454545,75.98400000000001,6.210320442618087,1,0,0,0,0,1,2,75.98400000000001,71.331,0,12,0
