train_id,rr_mean_imputed,rr_mean_imputed_unc,rr_std_imputed,rr_std_imputed_unc,rr_imputed_at,rr_model_version
19955,34.062718989227754,28.758702405672228,18.542318095894863,10.623427322187192,2025-12-20T11:02:26.144385Z,rr_imputer_v1
28317,29.344432967588627,29.46455756579904,17.934084257257638,12.028930057984564,2025-12-20T11:02:26.144385Z,rr_imputer_v1
14065,25.64609763897352,22.576180390815956,17.51647826196945,9.96085871307444,2025-12-20T11:02:26.144385Z,rr_imputer_v1
25224,31.4557742545609,26.918367381682327,21.08190793449813,11.677793542984436,2025-12-20T11:02:26.144385Z,rr_imputer_v1
18727,27.883035850955608,26.65528723117093,20.373953248426382,11.49374176421499,2025-12-20T11:02:26.144385Z,rr_imputer_v1
29054,24.326469338185586,23.461047227958005,21.651263878528262,13.204131846316553,2025-12-20T11:02:26.144385Z,rr_imputer_v1
15988,20.038793272951466,14.546663394471402,15.916692659067516,10.06837413854806,2025-12-20T11:02:26.144385Z,rr_imputer_v1
26811,50.13483960926706,59.304786380100396,30.59451061191731,30.622075465276687,2025-12-20T11:02:26.144385Z,rr_imputer_v1
15390,33.10972582039162,23.46467739828846,25.84728784578478,22.574794367682724,2025-12-20T11:02:26.144385Z,rr_imputer_v1
24507,26.832682003846017,23.282748464915773,18.795822253451185,9.0256836951139,2025-12-20T11:02:26.144385Z,rr_imputer_v1
29012,33.02995461722824,17.03325498417791,19.03371456380225,11.123054313083607,2025-12-20T11:02:26.144385Z,rr_imputer_v1
21679,54.01476407743138,43.34342126418834,31.636398229734564,22.05934299826372,2025-12-20T11:02:26.144385Z,rr_imputer_v1
13870,76.36860619070285,67.14965827516058,32.43007213341857,22.57056969257022,2025-12-20T11:02:26.144385Z,rr_imputer_v1
26940,19.941881877764562,15.727505735197898,15.44922263168461,9.887781512316472,2025-12-20T11:02:26.144385Z,rr_imputer_v1
25701,52.09219248558113,52.95570410761058,20.279759230929567,14.025562628325291,2025-12-20T11:02:26.144385Z,rr_imputer_v1
13530,39.59047363193934,40.99404180045103,26.85648814036542,29.927380999820667,2025-12-20T11:02:26.144385Z,rr_imputer_v1
20241,18.175366897066173,20.17357210228908,13.40856883359794,9.981165737954674,2025-12-20T11:02:26.144385Z,rr_imputer_v1
24253,44.529189866446586,40.63385100998788,23.187576809582325,21.46177189336065,2025-12-20T11:02:26.144385Z,rr_imputer_v1
23313,27.027223501048482,26.640140993265017,18.473363481460396,10.341196960650818,2025-12-20T11:02:26.144385Z,rr_imputer_v1
20366,42.11888167886883,27.661699599066324,30.25390751871586,36.25734598837684,2025-12-20T11:02:26.144385Z,rr_imputer_v1
18680,26.050757415277886,28.001190638816333,16.082931503891647,11.73520020216892,2025-12-20T11:02:26.144385Z,rr_imputer_v1
27398,24.067142464418822,23.777549839530323,17.267226012197465,10.484067361619516,2025-12-20T11:02:26.144385Z,rr_imputer_v1
25908,23.920738758004035,25.633777927972528,15.562789480177686,9.465017711878987,2025-12-20T11:02:26.144385Z,rr_imputer_v1
27288,19.19472404990342,19.805569148802075,14.444044500749808,9.444333597530084,2025-12-20T11:02:26.144385Z,rr_imputer_v1
20324,47.17576334618814,41.730400663125025,24.843245300329396,19.451124807744495,2025-12-20T11:02:26.144385Z,rr_imputer_v1
29429,45.98977434894439,40.80963508400548,20.65668856972172,12.311738861450145,2025-12-20T11:02:26.144385Z,rr_imputer_v1
24040,23.653812031555443,24.54362488744467,18.442255634355607,11.088748744225972,2025-12-20T11:02:26.144385Z,rr_imputer_v1
16192,29.938171621088046,26.761303537914742,19.9642770869622,11.925643917203262,2025-12-20T11:02:26.144385Z,rr_imputer_v1
27436,29.48342800317689,20.37533555460046,17.605385438932995,11.510234032995195,2025-12-20T11:02:26.144385Z,rr_imputer_v1
14930,30.03327928951076,18.034354190759124,19.74176255469269,10.149496929958133,2025-12-20T11:02:26.144385Z,rr_imputer_v1
19118,60.240463070117045,61.562100344283,26.526246790655303,18.915891473909674,2025-12-20T11:02:26.144385Z,rr_imputer_v1
20768,31.752919565234066,37.367660513620706,19.873262059682748,18.88458795504694,2025-12-20T11:02:26.144385Z,rr_imputer_v1
26585,12.137649935459404,12.1331952043802,10.194169566505497,6.210518995777204,2025-12-20T11:02:26.144385Z,rr_imputer_v1
17428,25.506901463634325,15.327842145070711,18.406499097931988,9.305009740775008,2025-12-20T11:02:26.144385Z,rr_imputer_v1
27093,40.153247838239466,38.580151001293146,22.077425218954918,12.738250354919211,2025-12-20T11:02:26.144385Z,rr_imputer_v1
15983,20.18184785376322,22.510291065334616,15.135896531310195,9.691259839903822,2025-12-20T11:02:26.144385Z,rr_imputer_v1
27034,42.20831575076392,40.02049974980275,23.799433830741837,20.496541656926645,2025-12-20T11:02:26.144385Z,rr_imputer_v1
26459,24.206649873067814,20.93178062049764,13.67090928998322,8.902999655428266,2025-12-20T11:02:26.144385Z,rr_imputer_v1
17362,31.2242600096831,32.877498050829104,22.71748186045054,21.64089903487232,2025-12-20T11:02:26.144385Z,rr_imputer_v1
25842,32.46260692484199,28.980767366683253,18.021542654226458,9.78342708310244,2025-12-20T11:02:26.144385Z,rr_imputer_v1
23848,49.51560825487764,36.450166034003864,31.628232853928854,30.59233288066927,2025-12-20T11:02:26.144385Z,rr_imputer_v1
18730,41.299463676065926,38.23804140483267,20.898247009169133,11.124917810897626,2025-12-20T11:02:26.144385Z,rr_imputer_v1
15254,38.493995751419476,41.15910799333601,23.583578627507613,20.065122961166747,2025-12-20T11:02:26.144385Z,rr_imputer_v1
25792,65.57341995787765,51.741485644219985,43.309881991270515,40.70940585037587,2025-12-20T11:02:26.144385Z,rr_imputer_v1
28203,51.280704636930125,45.23274619127964,38.094216046044274,39.208278424858854,2025-12-20T11:02:26.144385Z,rr_imputer_v1
24353,40.95715620437377,42.79964898194984,24.305701295969893,22.192473913279414,2025-12-20T11:02:26.144385Z,rr_imputer_v1
25547,26.91109249301381,26.316861605304997,18.786735626203548,10.714499765919808,2025-12-20T11:02:26.144385Z,rr_imputer_v1
26857,23.29999223200394,26.62799726199831,18.275823381205893,11.188913569914758,2025-12-20T11:02:26.144385Z,rr_imputer_v1
29275,40.88475883587492,46.14964807469574,21.60246352877547,13.981079545729603,2025-12-20T11:02:26.144385Z,rr_imputer_v1
16895,43.30186984799025,59.82634376850419,23.32313868999016,26.675922665705777,2025-12-20T11:02:26.144385Z,rr_imputer_v1
19857,18.161629829718855,20.203442035750566,15.278790469013261,10.15224207998881,2025-12-20T11:02:26.144385Z,rr_imputer_v1
20767,39.085684772923344,37.18212052777354,32.09365491764843,39.384193017308974,2025-12-20T11:02:26.144385Z,rr_imputer_v1
19980,51.16589693403459,41.167394047124986,35.837432028178256,30.73507913610715,2025-12-20T11:02:26.144385Z,rr_imputer_v1
12386,18.617004550285316,15.15122998206686,13.702996707751403,10.079380856620203,2025-12-20T11:02:26.144385Z,rr_imputer_v1
13610,30.997744194412643,26.695819241186985,19.844599254961846,9.249994494042902,2025-12-20T11:02:26.144385Z,rr_imputer_v1
19149,18.45645863385379,10.349558772696929,14.471955992609463,8.014135647290766,2025-12-20T11:02:26.144385Z,rr_imputer_v1
16555,20.797126886250098,17.667129158107116,16.01308711317716,9.71290681378745,2025-12-20T11:02:26.144385Z,rr_imputer_v1
25372,25.55674574455424,25.158026391103842,17.937255701782995,10.630170678960155,2025-12-20T11:02:26.144385Z,rr_imputer_v1
28190,35.80675386624171,26.566339256593697,19.787156521165482,11.172503070100726,2025-12-20T11:02:26.144385Z,rr_imputer_v1
25185,23.05141917771893,19.923561737144244,16.171266752874793,9.874275771890282,2025-12-20T11:02:26.144385Z,rr_imputer_v1
16082,38.03156779939843,30.281393650741844,22.58043582733037,11.87793926911108,2025-12-20T11:02:26.144385Z,rr_imputer_v1
26800,45.947975123120635,37.71787188781666,32.13464112722062,28.125644385970467,2025-12-20T11:02:26.144385Z,rr_imputer_v1
21041,50.52591111275177,54.79916146432711,25.626015524375152,26.085315733028843,2025-12-20T11:02:26.144385Z,rr_imputer_v1
20126,49.13045508971562,35.50564979283037,26.183822050838604,12.780382335944715,2025-12-20T11:02:26.144385Z,rr_imputer_v1
13766,19.02762250838818,17.630386394824615,16.377482448460835,10.10605665246019,2025-12-20T11:02:26.144385Z,rr_imputer_v1
17587,38.00022111984922,45.27303047673015,23.060477070461406,18.057807283420377,2025-12-20T11:02:26.144385Z,rr_imputer_v1
27747,17.967408457878253,12.04952882615883,14.0171957814342,7.059817138602117,2025-12-20T11:02:26.144385Z,rr_imputer_v1
21979,50.98539005751269,34.909145272979366,24.041736481204975,10.90721550681183,2025-12-20T11:02:26.144385Z,rr_imputer_v1
24869,20.485445239710693,22.535879216061222,13.296466510786942,9.926848865514987,2025-12-20T11:02:26.144385Z,rr_imputer_v1
25889,21.63387626041797,22.260581960180474,14.255873580135802,8.694765291511711,2025-12-20T11:02:26.144385Z,rr_imputer_v1
13471,48.602638653568185,39.04222530075757,25.10778509048001,12.39815090516758,2025-12-20T11:02:26.144385Z,rr_imputer_v1
16485,31.68300272559361,32.73282917609788,19.258773214214965,11.357543605883734,2025-12-20T11:02:26.144385Z,rr_imputer_v1
22721,23.533395353758266,20.31632121662893,18.905069082088808,19.268256770298134,2025-12-20T11:02:26.144385Z,rr_imputer_v1
21141,26.913925931787347,28.338489988371528,18.761002493450984,10.89735310550594,2025-12-20T11:02:26.144385Z,rr_imputer_v1
14665,26.744369785751214,27.138163936339787,18.69947470607138,11.51442838495279,2025-12-20T11:02:26.144385Z,rr_imputer_v1
18717,40.6459375245223,36.59450878023707,20.51475820149722,10.863299576748814,2025-12-20T11:02:26.144385Z,rr_imputer_v1
29244,46.80196791480119,42.3587734709849,21.17810181316632,11.922700882650968,2025-12-20T11:02:26.144385Z,rr_imputer_v1
18066,26.027438985704794,21.23924051002235,19.43016742586484,10.071897210489063,2025-12-20T11:02:26.144385Z,rr_imputer_v1
13789,40.737449830933876,37.53598028233739,22.702403821688414,12.537483061381565,2025-12-20T11:02:26.144385Z,rr_imputer_v1
26909,37.869525624809015,34.2778445055178,21.279887883609277,12.06181330961036,2025-12-20T11:02:26.144385Z,rr_imputer_v1
15868,20.285087858862866,15.58801245092616,15.574792651718628,9.967427406403228,2025-12-20T11:02:26.144385Z,rr_imputer_v1
28699,23.771025285559027,24.622978204079494,17.72547935715077,10.584130716538906,2025-12-20T11:02:26.144385Z,rr_imputer_v1
28936,54.59447136966105,52.63691251166329,22.633224095933798,14.38974707880328,2025-12-20T11:02:26.144385Z,rr_imputer_v1
28771,25.954797135547278,17.700237564436165,16.753197982125386,8.67026270766146,2025-12-20T11:02:26.144385Z,rr_imputer_v1
29848,43.93759257033616,39.397543180384325,22.81662999693297,10.988887956403254,2025-12-20T11:02:26.144385Z,rr_imputer_v1
25080,41.94846035790153,40.1517053197956,24.56515320979925,19.540406487453733,2025-12-20T11:02:26.144385Z,rr_imputer_v1
28441,35.71619062317995,41.72292000917395,27.330420429108358,30.21391191548232,2025-12-20T11:02:26.144385Z,rr_imputer_v1
14931,35.22412842747599,33.91300453032681,20.46270557134197,11.344510613054263,2025-12-20T11:02:26.144385Z,rr_imputer_v1
14941,26.217830147707254,19.784325404488726,16.75315678585271,8.516067874294178,2025-12-20T11:02:26.144385Z,rr_imputer_v1
14684,42.64177762137216,43.52548605868534,24.10842386720895,12.967694404608782,2025-12-20T11:02:26.144385Z,rr_imputer_v1
25739,18.04393798824938,15.643035752815766,14.122359998757947,9.783762883608278,2025-12-20T11:02:26.144385Z,rr_imputer_v1
14832,63.89396474315839,67.44016465653276,34.40816284513692,28.998428703194158,2025-12-20T11:02:26.144385Z,rr_imputer_v1
28352,24.301055771301176,21.80476217373771,18.97260232263082,23.426593393962996,2025-12-20T11:02:26.144385Z,rr_imputer_v1
16065,39.71264588682356,33.001234327855855,23.51447834732273,11.150693348575327,2025-12-20T11:02:26.144385Z,rr_imputer_v1
29114,23.97539551572848,24.72498755386368,15.727018384745481,10.539295046451555,2025-12-20T11:02:26.144385Z,rr_imputer_v1
28020,39.900853511818056,40.482751953978905,22.7374230472238,21.550682067557297,2025-12-20T11:02:26.144385Z,rr_imputer_v1
13873,47.6496586504853,42.52990563248205,22.425279037870443,10.21235643683131,2025-12-20T11:02:26.144385Z,rr_imputer_v1
29038,60.42023301741702,53.23168433731571,24.974671338497814,18.399566142873372,2025-12-20T11:02:26.144385Z,rr_imputer_v1
22219,36.2837074496819,38.17310313085878,19.04606363133654,11.15644809400411,2025-12-20T11:02:26.144385Z,rr_imputer_v1
14818,52.07130094426491,41.661971491073174,29.392514550192463,24.034276708130392,2025-12-20T11:02:26.144385Z,rr_imputer_v1
20043,21.41018131111257,19.6059260698543,15.302631155217657,9.95985539264416,2025-12-20T11:02:26.144385Z,rr_imputer_v1
21127,30.06911805978164,18.734630407194377,16.299937371474662,10.248173035670838,2025-12-20T11:02:26.144385Z,rr_imputer_v1
20543,23.504148734951855,18.4784349153885,15.931086211420224,10.096679455169038,2025-12-20T11:02:26.144385Z,rr_imputer_v1
17712,29.04771117853392,26.77961658682351,21.970357086011777,17.57305978029299,2025-12-20T11:02:26.144385Z,rr_imputer_v1
21223,29.670711990392146,28.320219264587568,17.663850947105512,9.528142572768509,2025-12-20T11:02:26.144385Z,rr_imputer_v1
13036,44.20685732707203,40.043221182649134,22.185570623654904,11.305145453518858,2025-12-20T11:02:26.144385Z,rr_imputer_v1
19663,31.365836703694207,32.71588424932267,26.558032490936075,28.444107989950773,2025-12-20T11:02:26.144385Z,rr_imputer_v1
29632,23.362166641784924,17.541405682573153,15.547984979352552,8.991785225000724,2025-12-20T11:02:26.144385Z,rr_imputer_v1
17437,43.08607729496443,35.30434750344582,21.852378507780813,11.386683503951451,2025-12-20T11:02:26.144385Z,rr_imputer_v1
21646,36.0904794980253,42.72160519790872,18.657359303937948,11.67446691172871,2025-12-20T11:02:26.144385Z,rr_imputer_v1
26180,45.96460965493728,45.91529169165547,24.415569058360035,13.524994710062105,2025-12-20T11:02:26.144385Z,rr_imputer_v1
16383,23.34564395581922,18.003323042118915,16.190087721165852,9.061365295957655,2025-12-20T11:02:26.144385Z,rr_imputer_v1
25425,39.60099622606458,39.01737574310125,23.34575868894884,18.031052819495624,2025-12-20T11:02:26.144385Z,rr_imputer_v1
14538,20.187852932134483,21.16583917434326,16.602556667399128,11.448579746874389,2025-12-20T11:02:26.144385Z,rr_imputer_v1
20311,39.593577577523035,38.211494496645145,22.074620256835328,14.5707917552528,2025-12-20T11:02:26.144385Z,rr_imputer_v1
25465,41.3523646722487,29.871409378030833,25.81363895086208,18.798767159727603,2025-12-20T11:02:26.144385Z,rr_imputer_v1
17276,32.67848768356385,29.532037775249194,18.136962151317615,10.629596791978527,2025-12-20T11:02:26.144385Z,rr_imputer_v1
26758,23.400549873555356,28.16675789227066,23.057302553230006,35.89989251569501,2025-12-20T11:02:26.144385Z,rr_imputer_v1
20373,40.33587080542442,31.941354367700942,27.06028992994559,17.932764435972143,2025-12-20T11:02:26.144385Z,rr_imputer_v1
24740,23.545913755999692,25.01444675961366,17.620629044585893,9.92298750297657,2025-12-20T11:02:26.144385Z,rr_imputer_v1
25089,23.577186674406093,17.896276141700604,18.13465246177209,10.30032241816429,2025-12-20T11:02:26.144385Z,rr_imputer_v1
26823,38.056654521885086,35.26356416714292,22.50125728942787,20.8328571568779,2025-12-20T11:02:26.144385Z,rr_imputer_v1
12093,33.0736777014427,32.72032713768497,18.8478422819981,9.149950009561074,2025-12-20T11:02:26.144385Z,rr_imputer_v1
29104,29.192402815464938,25.654566382297386,14.811074565882445,8.847107498812685,2025-12-20T11:02:26.144385Z,rr_imputer_v1
28863,25.73441899006675,23.873818263122374,16.08647387654453,11.23362542240611,2025-12-20T11:02:26.144385Z,rr_imputer_v1
28041,34.88422514287571,29.295069619727347,17.663403981094227,11.47416588152297,2025-12-20T11:02:26.144385Z,rr_imputer_v1
18327,25.995423795803323,19.869888377038873,16.521510734770885,9.408341459970764,2025-12-20T11:02:26.144385Z,rr_imputer_v1
15752,33.864132765727334,31.4807442307677,24.252356325736237,17.448519629259913,2025-12-20T11:02:26.144385Z,rr_imputer_v1
22397,40.11164120426865,44.26594766884104,22.33690008537792,18.76484659998384,2025-12-20T11:02:26.144385Z,rr_imputer_v1
24218,43.61331440274969,49.43113906971345,25.657828145572388,23.59078335959161,2025-12-20T11:02:26.144385Z,rr_imputer_v1
12543,18.39007685125096,15.32827969846395,13.818670070968789,8.857738359265165,2025-12-20T11:02:26.144385Z,rr_imputer_v1
27462,43.46437510088218,33.051652040976045,24.287891030868444,12.726905080905114,2025-12-20T11:02:26.144385Z,rr_imputer_v1
13391,17.04872486389182,16.772703722277587,12.957297883674292,8.66379829717709,2025-12-20T11:02:26.144385Z,rr_imputer_v1
16641,30.79987881361188,16.703781618074718,18.191606158258015,10.414183783501262,2025-12-20T11:02:26.144385Z,rr_imputer_v1
26335,19.178073553754842,17.59103584731327,14.11528067527142,8.027483594401467,2025-12-20T11:02:26.144385Z,rr_imputer_v1
12886,28.852717580233126,25.119674281809004,19.69271299856582,27.94773471984674,2025-12-20T11:02:26.144385Z,rr_imputer_v1
26389,23.234383991989986,21.13040578920792,16.476573086958293,10.073158649201806,2025-12-20T11:02:26.144385Z,rr_imputer_v1
28738,16.086024604505756,14.395213445986586,13.105869389713064,7.879540192892721,2025-12-20T11:02:26.144385Z,rr_imputer_v1
24934,68.27892583566344,49.778403973653695,28.875031122072865,17.52291381115905,2025-12-20T11:02:26.144385Z,rr_imputer_v1
18679,69.40347762838812,62.52296778221288,33.66477132166142,21.93742701766344,2025-12-20T11:02:26.144385Z,rr_imputer_v1
26708,47.38200760647003,49.53455678413169,30.90972130467349,33.97171027741317,2025-12-20T11:02:26.144385Z,rr_imputer_v1
18042,22.453692770754056,19.568459290477218,17.025408455783612,10.008233184291548,2025-12-20T11:02:26.144385Z,rr_imputer_v1
20303,30.08879941646514,29.408547480917118,18.976028715589113,19.089821161299955,2025-12-20T11:02:26.144385Z,rr_imputer_v1
17770,61.00747538895896,47.2998169816268,34.04770990616501,24.402173335284154,2025-12-20T11:02:26.144385Z,rr_imputer_v1
29735,63.678389233306646,49.82873293820276,27.452612399456843,19.59322307998427,2025-12-20T11:02:26.144385Z,rr_imputer_v1
17669,40.07020679926286,41.179687711444856,26.929833134323903,26.562538204819063,2025-12-20T11:02:26.144385Z,rr_imputer_v1
26143,36.001779568394056,32.85887908024693,20.54537398607044,12.08246691377569,2025-12-20T11:02:26.144385Z,rr_imputer_v1
26511,61.686888922543005,65.25470449658178,31.05423474480857,29.986993871118436,2025-12-20T11:02:26.144385Z,rr_imputer_v1
13502,29.648702177773814,23.913248772153153,16.44228974890683,16.29342973476304,2025-12-20T11:02:26.144385Z,rr_imputer_v1
18990,16.348856595003472,12.299198153952805,14.748973244444425,9.087846671020374,2025-12-20T11:02:26.144385Z,rr_imputer_v1
24775,28.419516003882237,22.648876079445554,18.062015227157232,9.407166357486027,2025-12-20T11:02:26.144385Z,rr_imputer_v1
29752,19.320796395056416,13.28726426772296,16.77127586357825,11.03636737366939,2025-12-20T11:02:26.144385Z,rr_imputer_v1
24269,20.595456871829036,18.109641692753062,15.605214907938587,10.283650337213675,2025-12-20T11:02:26.144385Z,rr_imputer_v1
26545,23.459440170393073,18.696873124178968,17.588165255613184,10.411497831147722,2025-12-20T11:02:26.144385Z,rr_imputer_v1
17806,24.735400604401455,22.71870504623539,13.266683525225961,7.885491997052129,2025-12-20T11:02:26.144385Z,rr_imputer_v1
18393,25.85594497850428,23.639657039823266,18.43904546064126,10.77282987861546,2025-12-20T11:02:26.144385Z,rr_imputer_v1
27209,37.62744179329313,36.93829002290751,23.889290818389558,18.214784548490456,2025-12-20T11:02:26.144385Z,rr_imputer_v1
17135,21.359268031546677,16.682520412092774,16.732282399766145,9.685660709928756,2025-12-20T11:02:26.144385Z,rr_imputer_v1
16416,34.99974533514318,25.030511383600746,22.242512006600823,9.645606344627168,2025-12-20T11:02:26.144385Z,rr_imputer_v1
18041,28.94678414101363,30.536589335030772,17.114762627564925,11.34053842300957,2025-12-20T11:02:26.144385Z,rr_imputer_v1
26810,22.40427876631636,16.498776554129254,15.575890872642915,9.300518630128265,2025-12-20T11:02:26.144385Z,rr_imputer_v1
27107,29.189136603244883,17.819787821471007,17.153141703440323,11.343236962932464,2025-12-20T11:02:26.144385Z,rr_imputer_v1
18793,26.128588927260957,21.098699691142798,18.346765529297464,10.926749604186165,2025-12-20T11:02:26.144385Z,rr_imputer_v1
20333,36.16199005982,27.437305184649826,25.63153254882836,20.031007443942517,2025-12-20T11:02:26.144385Z,rr_imputer_v1
13926,28.245232158157457,21.863184434949353,19.213149720801763,10.945411660565606,2025-12-20T11:02:26.144385Z,rr_imputer_v1
28448,30.532364525588,19.70419256893745,20.206481208971578,9.836088040111186,2025-12-20T11:02:26.144385Z,rr_imputer_v1
16778,31.768426121179754,27.216419583382024,19.429507255102745,10.906657248900045,2025-12-20T11:02:26.144385Z,rr_imputer_v1
25194,26.689973006390073,26.41274424275249,18.87911155778556,19.321080626608726,2025-12-20T11:02:26.144385Z,rr_imputer_v1
18748,35.06236985743641,27.98132459533793,21.5675351512475,12.490955534095129,2025-12-20T11:02:26.144385Z,rr_imputer_v1
13313,35.585959743653234,30.132082635731454,21.456574364917316,12.273545838744136,2025-12-20T11:02:26.144385Z,rr_imputer_v1
12099,20.7280877983122,12.476094843348449,15.860284647632643,9.370490140031762,2025-12-20T11:02:26.144385Z,rr_imputer_v1
17072,23.775192641425402,17.64156760013858,17.21016538941074,9.881459935025916,2025-12-20T11:02:26.144385Z,rr_imputer_v1
13666,38.43947801862505,45.190408238948024,22.876002301696655,22.852812737975572,2025-12-20T11:02:26.144385Z,rr_imputer_v1
20276,20.648197454751326,15.715001819500468,16.15113446774837,8.68862132604765,2025-12-20T11:02:26.144385Z,rr_imputer_v1
13913,59.96097813259212,49.83803079623278,30.901352217976747,28.079018859078204,2025-12-20T11:02:26.144385Z,rr_imputer_v1
25243,25.331564922266903,27.152860942675662,16.503874479568605,11.822498760966152,2025-12-20T11:02:26.144385Z,rr_imputer_v1
13798,31.178359925040517,38.461363222951434,16.324078138865364,10.070753882175575,2025-12-20T11:02:26.144385Z,rr_imputer_v1
21734,28.244333411997687,29.36116361557534,18.248792653796443,11.114569446914999,2025-12-20T11:02:26.144385Z,rr_imputer_v1
16269,27.324544016595702,25.17129016310847,20.486210089979444,12.626144425340271,2025-12-20T11:02:26.144385Z,rr_imputer_v1
23315,45.37381847021249,35.31183832240344,23.723546553173392,10.660024237294305,2025-12-20T11:02:26.144385Z,rr_imputer_v1
24021,22.298261542470154,22.809271247994637,13.12280577381267,9.156651877633125,2025-12-20T11:02:26.144385Z,rr_imputer_v1
26676,49.043045900601456,42.52935173257803,33.42141808699535,28.57178447854754,2025-12-20T11:02:26.144385Z,rr_imputer_v1
15406,29.742665517446948,28.952972939183816,19.650168258246858,16.769650018418755,2025-12-20T11:02:26.144385Z,rr_imputer_v1
29410,22.707956233151176,16.65976108564534,17.90487027816895,11.6270663514878,2025-12-20T11:02:26.144385Z,rr_imputer_v1
23680,23.683449771565346,24.478928229012322,16.29548914965895,11.45669625560064,2025-12-20T11:02:26.144385Z,rr_imputer_v1
29660,22.27969253775102,20.274413378105237,17.238805827169877,10.513556376638368,2025-12-20T11:02:26.144385Z,rr_imputer_v1
24705,43.765984839605636,39.217274795372276,22.872975607299868,10.872246119447837,2025-12-20T11:02:26.144385Z,rr_imputer_v1
20129,19.624683843658346,16.730297708304082,15.82352805620311,9.972105337753794,2025-12-20T11:02:26.144385Z,rr_imputer_v1
13925,21.210364352293496,13.963695467604438,13.805726589619589,8.421855573031134,2025-12-20T11:02:26.144385Z,rr_imputer_v1
12814,18.794763903378254,18.222253466541815,13.661913429404493,9.803702525928033,2025-12-20T11:02:26.144385Z,rr_imputer_v1
15102,58.81298575063982,55.89050286888502,50.03869850001637,36.671889782394786,2025-12-20T11:02:26.144385Z,rr_imputer_v1
29882,31.526951639242338,21.226831821811007,19.67817193532796,10.561574292974342,2025-12-20T11:02:26.144385Z,rr_imputer_v1
26223,60.13931942675004,46.13505982773766,24.369920260534965,13.982291014949064,2025-12-20T11:02:26.144385Z,rr_imputer_v1
18557,49.77980276844158,36.154752051107195,26.154502688077255,12.445790681579973,2025-12-20T11:02:26.144385Z,rr_imputer_v1
24330,23.559556397797692,24.277586923703193,14.969136947076395,10.917264356111541,2025-12-20T11:02:26.144385Z,rr_imputer_v1
19441,28.22886487509874,30.550160951921885,14.872392807749591,9.811092241864907,2025-12-20T11:02:26.144385Z,rr_imputer_v1
28166,25.18568623848763,24.86886622687176,16.25572365072453,9.354538468134317,2025-12-20T11:02:26.144385Z,rr_imputer_v1
29808,24.764073360998232,19.31585868856907,18.85078792759161,11.927107028426734,2025-12-20T11:02:26.144385Z,rr_imputer_v1
13268,58.08064928202268,53.80365773159837,28.475641570241486,25.457348692966647,2025-12-20T11:02:26.144385Z,rr_imputer_v1
27076,56.98555892970816,50.99379472512567,27.164791733367323,18.838133057590124,2025-12-20T11:02:26.144385Z,rr_imputer_v1
26873,24.044857662280812,19.138618470578013,15.198312903207913,9.501551054074323,2025-12-20T11:02:26.144385Z,rr_imputer_v1
23478,70.4254794697398,51.18018396513158,37.49933288778195,30.411485329772347,2025-12-20T11:02:26.144385Z,rr_imputer_v1
21332,52.65795968013724,39.57835304714073,28.325830398144582,19.364566015183144,2025-12-20T11:02:26.144385Z,rr_imputer_v1
26508,19.768177521930273,17.197431060096562,13.60092651256028,8.423525586548932,2025-12-20T11:02:26.144385Z,rr_imputer_v1
21838,40.59281335639661,38.47145598629046,23.30064177852101,21.35163681716563,2025-12-20T11:02:26.144385Z,rr_imputer_v1
23151,15.741938358833728,12.80535878410283,12.283404461438383,8.076182765416624,2025-12-20T11:02:26.144385Z,rr_imputer_v1
28246,21.939020400767244,19.430695510972857,15.118748017745565,9.591419569274104,2025-12-20T11:02:26.144385Z,rr_imputer_v1
22248,33.603810920671705,36.222865119166315,17.33042862119789,9.025985590844948,2025-12-20T11:02:26.144385Z,rr_imputer_v1
19759,23.146134301446267,20.000952680843078,17.969835142001607,9.44157030954655,2025-12-20T11:02:26.144385Z,rr_imputer_v1
21870,32.61005600371833,30.235701164019435,20.090387295466854,11.328468836386822,2025-12-20T11:02:26.144385Z,rr_imputer_v1
27141,22.62515172288418,15.737495200241996,16.20604522316088,9.505430864278098,2025-12-20T11:02:26.144385Z,rr_imputer_v1
24761,24.515886492086878,25.81489983035273,16.84240692870419,11.184170007923182,2025-12-20T11:02:26.144385Z,rr_imputer_v1
23880,39.62678264248053,41.88082830042605,26.585761756897686,23.91264306253316,2025-12-20T11:02:26.144385Z,rr_imputer_v1
29634,20.61842491486033,18.880285336037936,14.479680989633136,9.90061386745636,2025-12-20T11:02:26.144385Z,rr_imputer_v1
25770,42.47216156716363,36.14772652642979,20.409675121825774,10.41735199117423,2025-12-20T11:02:26.144385Z,rr_imputer_v1
14403,35.08345961779546,27.130607027958835,34.18917857829429,40.30801164697594,2025-12-20T11:02:26.144385Z,rr_imputer_v1
27985,22.543044948040027,19.411870398782217,16.894923985622587,10.683933301170338,2025-12-20T11:02:26.144385Z,rr_imputer_v1
28935,25.899946564485504,20.661519261529143,16.002265460975757,9.930424786441204,2025-12-20T11:02:26.144385Z,rr_imputer_v1
21385,30.51122330250062,24.081421429051098,19.108767877480314,9.163046270903008,2025-12-20T11:02:26.144385Z,rr_imputer_v1
20557,36.96240916305706,33.38048400709391,20.83899658259785,10.80095393600795,2025-12-20T11:02:26.144385Z,rr_imputer_v1
21238,33.95067732681607,31.934975476942448,19.11614199059558,11.977634413392567,2025-12-20T11:02:26.144385Z,rr_imputer_v1
22088,22.91688858491805,18.003517739430606,17.290427859945446,9.669913927528011,2025-12-20T11:02:26.144385Z,rr_imputer_v1
15913,44.016314018076464,33.307751202221354,37.575497942970806,39.357694903926706,2025-12-20T11:02:26.144385Z,rr_imputer_v1
26881,21.71259876712889,20.398655218351696,15.973336622537431,10.094841205434548,2025-12-20T11:02:26.144385Z,rr_imputer_v1
19116,39.299410719743854,31.540895035170895,22.70526168516838,10.94088660675282,2025-12-20T11:02:26.144385Z,rr_imputer_v1
14461,25.433254820541805,26.213620971202584,15.91162591221561,9.798679677149988,2025-12-20T11:02:26.144385Z,rr_imputer_v1
19652,55.570124950352444,46.39934335279718,24.671011393598775,22.093350737691264,2025-12-20T11:02:26.144385Z,rr_imputer_v1
24808,26.597117954648528,29.72223560478163,16.22761712135579,10.428043637014827,2025-12-20T11:02:26.144385Z,rr_imputer_v1
18401,62.72273077954353,49.91119644839628,55.011270930780235,42.26465258850451,2025-12-20T11:02:26.144385Z,rr_imputer_v1
24890,21.62268742497607,14.6575298355747,16.54312655928357,10.966456641469168,2025-12-20T11:02:26.144385Z,rr_imputer_v1
15277,36.57160298289725,30.951567737298742,23.135406636006483,19.33528646009336,2025-12-20T11:02:26.144385Z,rr_imputer_v1
27682,13.704471492422261,9.06844064400459,11.75845488748486,6.2835422393585905,2025-12-20T11:02:26.144385Z,rr_imputer_v1
16013,26.222193334087073,19.144514044796605,16.66675607174877,10.178091658357213,2025-12-20T11:02:26.144385Z,rr_imputer_v1
29560,31.629659655244637,28.965963654917683,18.797877587935602,11.570470640609106,2025-12-20T11:02:26.144385Z,rr_imputer_v1
27484,46.18418305565809,33.22114602312174,42.98453987323605,42.680817315550314,2025-12-20T11:02:26.144385Z,rr_imputer_v1
29638,32.17734965011376,28.671845293670515,20.471479232911037,11.902619682211508,2025-12-20T11:02:26.144385Z,rr_imputer_v1
27502,40.265519854132265,38.619797931731824,23.530170226177816,12.644852578905247,2025-12-20T11:02:26.144385Z,rr_imputer_v1
27152,48.10694105719399,35.45839314941975,24.92504228329483,16.687809438332504,2025-12-20T11:02:26.144385Z,rr_imputer_v1
25592,20.09049898843036,16.13070751093926,14.800846285476917,9.877888719218195,2025-12-20T11:02:26.144385Z,rr_imputer_v1
19127,26.14233534953869,20.448312524395615,16.17143246721688,9.632770436380593,2025-12-20T11:02:26.144385Z,rr_imputer_v1
13813,22.350489303995932,15.711985675117015,14.199281221460579,8.73297904127579,2025-12-20T11:02:26.144385Z,rr_imputer_v1
19184,37.60357538908491,34.56332195733503,20.83071218193455,10.664676123762954,2025-12-20T11:02:26.144385Z,rr_imputer_v1
19675,30.620526797866646,27.954310299288572,21.48889971805447,13.43736631131503,2025-12-20T11:02:26.144385Z,rr_imputer_v1
17928,18.252551724737327,13.58178052875049,13.129804662391082,7.378126798369676,2025-12-20T11:02:26.144385Z,rr_imputer_v1
26555,38.33203914963435,34.43967342868385,18.896312202901314,11.191258307656883,2025-12-20T11:02:26.144385Z,rr_imputer_v1
21987,22.43330350713193,17.05347404934332,15.849357618789732,9.051903805855426,2025-12-20T11:02:26.144385Z,rr_imputer_v1
16828,40.607903897281496,31.96395350114287,31.46079378001916,37.20946267312157,2025-12-20T11:02:26.144385Z,rr_imputer_v1
27029,21.966863655972475,22.602602558939786,16.964580735459673,9.592458269457643,2025-12-20T11:02:26.144385Z,rr_imputer_v1
15395,20.98803943567975,14.404174829191454,16.223221650793743,9.078622618991735,2025-12-20T11:02:26.144385Z,rr_imputer_v1
15889,42.4000075600403,32.61421063807756,36.55633213020505,39.57260296302836,2025-12-20T11:02:26.144385Z,rr_imputer_v1
17919,32.794733303843515,33.36826283564997,25.221908016981782,24.950567579686698,2025-12-20T11:02:26.144385Z,rr_imputer_v1
27585,17.018581853600015,18.814144937109774,13.618725714012134,9.2546272035125,2025-12-20T11:02:26.144385Z,rr_imputer_v1
17998,33.018306720871664,33.80292311477732,23.51400853123139,23.306521914907762,2025-12-20T11:02:26.144385Z,rr_imputer_v1
27450,24.33609467676844,20.081313534798344,18.002742663447485,11.061173266345099,2025-12-20T11:02:26.144385Z,rr_imputer_v1
24143,28.624229848164145,24.133574924830377,19.331153936410225,10.960739225372345,2025-12-20T11:02:26.144385Z,rr_imputer_v1
25626,37.19948069714823,31.620242269836005,28.196522816533825,29.085022372711425,2025-12-20T11:02:26.144385Z,rr_imputer_v1
21278,37.28738451462348,44.66913500788531,22.49858750550437,14.432441359824747,2025-12-20T11:02:26.144385Z,rr_imputer_v1
19549,19.836236211414654,15.041754124489414,14.913242123738138,9.642888262098369,2025-12-20T11:02:26.144385Z,rr_imputer_v1
19074,28.044135727000363,18.23207238946225,18.41875391776674,9.730539135587938,2025-12-20T11:02:26.144385Z,rr_imputer_v1
26452,56.15596708001602,41.576010846152336,32.24379061556511,28.126087221026765,2025-12-20T11:02:26.144385Z,rr_imputer_v1
21814,20.20341622225435,23.6423874631618,15.539715053049342,8.535523647148896,2025-12-20T11:02:26.144385Z,rr_imputer_v1
27402,22.90376056843227,23.32954367621657,14.324461440681523,9.420627893352153,2025-12-20T11:02:26.144385Z,rr_imputer_v1
20462,24.696211414856638,13.757750893844616,15.714499684789162,10.290988898035538,2025-12-20T11:02:26.144385Z,rr_imputer_v1
23173,25.481448647709225,23.060745456522245,15.117746304649563,8.735792147638543,2025-12-20T11:02:26.144385Z,rr_imputer_v1
18832,38.308043864150335,20.36548546745138,21.015837741963928,9.84589192944807,2025-12-20T11:02:26.144385Z,rr_imputer_v1
23178,40.47210752229669,33.9743582764125,26.89408965022736,29.2425559196014,2025-12-20T11:02:26.144385Z,rr_imputer_v1
22201,61.181362294305146,73.55250268076755,22.77651922568768,17.93821516367798,2025-12-20T11:02:26.144385Z,rr_imputer_v1
21233,22.72201219027074,19.788055281045857,17.115494509462497,19.042928562868372,2025-12-20T11:02:26.144385Z,rr_imputer_v1
26000,17.10287919877677,16.615756266521004,13.127664157651296,8.348978093851493,2025-12-20T11:02:26.144385Z,rr_imputer_v1
27828,24.108880255850607,26.31130755329555,16.346102275365773,9.536336192277638,2025-12-20T11:02:26.144385Z,rr_imputer_v1
17880,21.86571031974865,20.49462329346951,13.399975728760456,8.812757591179189,2025-12-20T11:02:26.144385Z,rr_imputer_v1
15739,22.770908883410225,16.53744448079517,16.724374255401095,10.45473882611507,2025-12-20T11:02:26.144385Z,rr_imputer_v1
26232,72.24539559632481,48.812262292638685,36.26008346030086,27.674650341139024,2025-12-20T11:02:26.144385Z,rr_imputer_v1
19456,22.731634756945436,22.615924843424647,15.981168998532937,11.195626625257773,2025-12-20T11:02:26.144385Z,rr_imputer_v1
26393,21.4762176742651,22.994020557090195,19.39475243642675,12.695834434190445,2025-12-20T11:02:26.144385Z,rr_imputer_v1
22269,23.154466472975365,20.04659777347072,17.60112020634251,11.038250346332388,2025-12-20T11:02:26.144385Z,rr_imputer_v1
22275,30.057229185031154,30.18176574651909,17.38409914228844,9.533680700540069,2025-12-20T11:02:26.144385Z,rr_imputer_v1
13719,39.15105085059462,34.879120180941406,24.00848642992912,12.52660251435843,2025-12-20T11:02:26.144385Z,rr_imputer_v1
24380,35.1127291349112,26.19989142187393,21.251267540778276,12.140305382255457,2025-12-20T11:02:26.144385Z,rr_imputer_v1
14867,26.784287249014973,25.428162517640377,18.371329151629272,11.795874578573542,2025-12-20T11:02:26.144385Z,rr_imputer_v1
25556,27.115639482107184,19.452434545284593,15.717546796923891,9.134978624801773,2025-12-20T11:02:26.144385Z,rr_imputer_v1
14423,19.580494194852744,17.40164186147992,16.14984777450188,9.23352231778559,2025-12-20T11:02:26.144385Z,rr_imputer_v1
18889,22.286779294835355,18.167992934378635,18.096374810540667,10.110551387476933,2025-12-20T11:02:26.144385Z,rr_imputer_v1
14924,20.67222866804785,27.2982988506792,14.987621068568226,9.060234755094935,2025-12-20T11:02:26.144385Z,rr_imputer_v1
26956,21.46607731197858,19.32602945980944,17.777422499314536,10.125138247838638,2025-12-20T11:02:26.144385Z,rr_imputer_v1
15937,22.86144528380498,19.391931440047912,15.652715883127476,10.54574001150252,2025-12-20T11:02:26.144385Z,rr_imputer_v1
19895,16.572203576236564,12.295211203117283,13.407360691498239,8.869753974872216,2025-12-20T11:02:26.144385Z,rr_imputer_v1
28921,36.84558893112326,42.115309403810954,25.289977564969035,23.86295849744798,2025-12-20T11:02:26.144385Z,rr_imputer_v1
23014,20.571302127761122,20.640116131679743,15.663489877385409,9.400433354163145,2025-12-20T11:02:26.144385Z,rr_imputer_v1
27711,32.95363115641462,36.55391832268632,24.07115910100838,18.5772757746756,2025-12-20T11:02:26.144385Z,rr_imputer_v1
23223,31.397973939446924,26.684665033849296,19.1289512845654,12.062998014856415,2025-12-20T11:02:26.144385Z,rr_imputer_v1
29492,22.9521846786853,19.465491903111676,16.534743788620222,9.380659332028761,2025-12-20T11:02:26.144385Z,rr_imputer_v1
29684,18.21099572834891,18.843964169871338,14.033497321504496,8.447297058930609,2025-12-20T11:02:26.144385Z,rr_imputer_v1
17741,28.478133100879486,20.9376694285441,20.25975682414783,9.718081938165824,2025-12-20T11:02:26.144385Z,rr_imputer_v1
20244,34.59430440304738,33.44433956665814,24.61956537329375,24.763516531147584,2025-12-20T11:02:26.144385Z,rr_imputer_v1
23362,22.227906155231434,18.899463964610106,14.019051955360045,6.889964898981455,2025-12-20T11:02:26.144385Z,rr_imputer_v1
27810,39.38885880204518,30.825309086995397,23.191191793210752,19.493162236606217,2025-12-20T11:02:26.144385Z,rr_imputer_v1
26746,23.600840682289054,27.273298307517923,19.132980739470156,12.47611707377809,2025-12-20T11:02:26.144385Z,rr_imputer_v1
28143,29.884345559658204,25.810760156540272,18.281085200209496,9.437331599621794,2025-12-20T11:02:26.144385Z,rr_imputer_v1
19085,17.329609558385513,16.37542286208073,13.727685027854061,9.151134972256719,2025-12-20T11:02:26.144385Z,rr_imputer_v1
28125,41.43540813391213,37.207811437119446,25.32477702972899,12.211585810459406,2025-12-20T11:02:26.144385Z,rr_imputer_v1
13692,36.86597678992959,39.45118993388929,22.08693251095105,11.926695260304129,2025-12-20T11:02:26.144385Z,rr_imputer_v1
23637,42.669534983186914,38.094730482779546,21.01779425900795,10.32049882300861,2025-12-20T11:02:26.144385Z,rr_imputer_v1
24581,48.01204396967059,39.07335703334414,38.59332749268113,39.94116776492253,2025-12-20T11:02:26.144385Z,rr_imputer_v1
16143,25.528759585665593,25.750060138001757,19.124261656297698,10.031518926333769,2025-12-20T11:02:26.144385Z,rr_imputer_v1
21887,15.317777578858351,12.004162972196909,11.131087303586298,6.675813666254233,2025-12-20T11:02:26.144385Z,rr_imputer_v1
16657,21.3397897362432,22.263402332801707,15.920317935393378,9.9596700168677,2025-12-20T11:02:26.144385Z,rr_imputer_v1
23620,38.142125805385646,32.230214325350985,20.9541728875721,11.586805554496577,2025-12-20T11:02:26.144385Z,rr_imputer_v1
28857,33.254070563746204,29.072341015965275,19.227372023189425,11.95529261188108,2025-12-20T11:02:26.144385Z,rr_imputer_v1
21111,43.33445191776456,26.87066420903993,24.29314492636476,12.519947841596926,2025-12-20T11:02:26.144385Z,rr_imputer_v1
12828,30.31340846523023,22.342893662582416,16.567594261742535,10.416995081347489,2025-12-20T11:02:26.144385Z,rr_imputer_v1
15153,38.65588521577084,29.529408523251988,22.6785619009451,18.937129443861156,2025-12-20T11:02:26.144385Z,rr_imputer_v1
16798,38.45899056182671,44.00194325043066,22.55491621475073,19.816264952094635,2025-12-20T11:02:26.144385Z,rr_imputer_v1
15904,41.63161017930592,20.04208533550332,40.2879451716932,32.10350041988281,2025-12-20T11:02:26.144385Z,rr_imputer_v1
27960,17.42551721225889,14.642377704239006,15.153869441482518,9.0879284437417,2025-12-20T11:02:26.144385Z,rr_imputer_v1
24555,27.878966835969,14.811417508849006,15.499102074182712,8.377605826443093,2025-12-20T11:02:26.144385Z,rr_imputer_v1
27731,25.077041127119628,30.669135002164808,15.097263681251599,9.790677106257661,2025-12-20T11:02:26.144385Z,rr_imputer_v1
18833,54.92294058137496,46.5067025467098,34.823175521251315,28.785121964927068,2025-12-20T11:02:26.144385Z,rr_imputer_v1
26653,24.714126836358417,21.41947353559147,16.610415716006713,9.182831788403375,2025-12-20T11:02:26.144385Z,rr_imputer_v1
25780,52.13951314333357,52.70415662028162,26.491270843535503,18.283863673173247,2025-12-20T11:02:26.144385Z,rr_imputer_v1
29278,17.44240869836555,14.416549452920187,12.99645643905027,8.7224183628087,2025-12-20T11:02:26.144385Z,rr_imputer_v1
28318,22.784323054710985,22.42357126896031,15.1539398909496,9.102568585412024,2025-12-20T11:02:26.144385Z,rr_imputer_v1
20429,38.32049622710965,43.62030007407288,21.53695376471441,13.46078285813676,2025-12-20T11:02:26.144385Z,rr_imputer_v1
23222,35.57625480057847,40.852460794411954,23.602660350567263,18.024339678720054,2025-12-20T11:02:26.144385Z,rr_imputer_v1
29792,24.055876297501207,14.306704008177068,16.319753763097403,9.373823150179158,2025-12-20T11:02:26.144385Z,rr_imputer_v1
27089,17.27225611110532,15.721790633818964,14.618368602921052,9.279624903062894,2025-12-20T11:02:26.144385Z,rr_imputer_v1
14265,84.35780311495728,70.32168193410368,46.66487629647035,45.887294812561535,2025-12-20T11:02:26.144385Z,rr_imputer_v1
25529,22.788430739780278,24.368754312220748,16.78394584835382,10.949220280806921,2025-12-20T11:02:26.144385Z,rr_imputer_v1
17974,21.12477810408675,14.781455725700184,17.755090595856302,11.092151046487064,2025-12-20T11:02:26.144385Z,rr_imputer_v1
24045,37.66370961479002,36.70932416812219,19.298034326931337,13.55815077488249,2025-12-20T11:02:26.144385Z,rr_imputer_v1
23407,41.751256651401,39.7761021014107,21.127833220907863,11.360077821401536,2025-12-20T11:02:26.144385Z,rr_imputer_v1
25026,30.466707908269736,19.90201196748715,18.705940769515827,9.56086484684932,2025-12-20T11:02:26.144385Z,rr_imputer_v1
25769,21.937425849407965,23.978594335052833,15.684043849441293,8.625772714167935,2025-12-20T11:02:26.144385Z,rr_imputer_v1
15700,23.470853754753804,21.603660485184285,16.857738067755424,10.446326830800524,2025-12-20T11:02:26.144385Z,rr_imputer_v1
23564,59.589451740173125,60.63185120338043,29.144455604739907,32.57563440292596,2025-12-20T11:02:26.144385Z,rr_imputer_v1
21077,75.56615205292867,47.72106705583889,37.86628521573147,28.949089273353113,2025-12-20T11:02:26.144385Z,rr_imputer_v1
21066,23.334346990201283,22.335960873496195,14.225645989492968,9.99310340936779,2025-12-20T11:02:26.144385Z,rr_imputer_v1
16638,62.10405105572695,52.45687887328928,37.080683341307164,28.82469578653246,2025-12-20T11:02:26.144385Z,rr_imputer_v1
22394,28.03549182151991,34.70659462399481,17.602457653367477,15.504108992958892,2025-12-20T11:02:26.144385Z,rr_imputer_v1
27197,44.31382875279554,35.779370688335646,20.205507143258163,11.003682292324948,2025-12-20T11:02:26.144385Z,rr_imputer_v1
23427,15.5928928227036,11.426081760269156,14.866578296941848,8.854017182381305,2025-12-20T11:02:26.144385Z,rr_imputer_v1
20127,43.80214489753423,39.59225675873928,21.648175758763504,12.688036560946568,2025-12-20T11:02:26.144385Z,rr_imputer_v1
21456,21.681271087063752,21.41997293289351,15.295258048941834,9.870992449499758,2025-12-20T11:02:26.144385Z,rr_imputer_v1
28607,22.543638358745024,23.45963678374212,18.799631698869337,11.695386789214155,2025-12-20T11:02:26.144385Z,rr_imputer_v1
21180,28.324954825636425,27.771904130832596,17.237010156588752,10.916492242712062,2025-12-20T11:02:26.144385Z,rr_imputer_v1
22752,46.93454504669765,44.57277735273961,28.68720413595527,28.176192396675763,2025-12-20T11:02:26.144385Z,rr_imputer_v1
25601,60.09197632449821,45.80466871777928,39.26501868623418,33.98125459622121,2025-12-20T11:02:26.144385Z,rr_imputer_v1
29665,34.759355793800246,32.026595488889846,20.481278060572258,11.344191909831213,2025-12-20T11:02:26.144385Z,rr_imputer_v1
20024,26.050933327336075,24.411954236035303,19.674427678734556,10.835118264877583,2025-12-20T11:02:26.144385Z,rr_imputer_v1
26773,27.32041823435923,23.78721292153357,17.923915224932692,9.541769210957144,2025-12-20T11:02:26.144385Z,rr_imputer_v1
28304,48.43326519793615,42.10045203197542,33.539582820794855,28.670698806122626,2025-12-20T11:02:26.144385Z,rr_imputer_v1
21289,26.977396328384938,27.277708263864028,16.523604484570264,9.646991857452587,2025-12-20T11:02:26.144385Z,rr_imputer_v1
21274,34.088477627274024,33.38960317455306,17.969085516391896,11.563945989548463,2025-12-20T11:02:26.144385Z,rr_imputer_v1
25268,33.01664486036954,29.859179716500392,24.81836696274075,20.274497677583373,2025-12-20T11:02:26.144385Z,rr_imputer_v1
27914,17.909788793199834,19.16810911154883,16.848573116756405,10.996780700979594,2025-12-20T11:02:26.144385Z,rr_imputer_v1
25985,26.492527901022157,21.30136521907496,17.3961144448192,10.011533593613246,2025-12-20T11:02:26.144385Z,rr_imputer_v1
13565,22.958340051584532,17.11906058203864,14.629314712266691,9.113993933376966,2025-12-20T11:02:26.144385Z,rr_imputer_v1
29842,22.837838353336288,20.727673826802416,17.144692981573854,10.257134084675146,2025-12-20T11:02:26.144385Z,rr_imputer_v1
13571,48.24177562634412,39.46660498653749,21.601762211762082,11.093279249086851,2025-12-20T11:02:26.144385Z,rr_imputer_v1
21358,34.63814016562525,29.41751286021867,23.49339058729817,10.963641662599677,2025-12-20T11:02:26.144385Z,rr_imputer_v1
16411,40.53959220814542,28.615956881947678,24.96201041422882,12.449548298408281,2025-12-20T11:02:26.144385Z,rr_imputer_v1
16622,61.596508757203665,56.23237971252243,40.60059859796083,38.41901859720277,2025-12-20T11:02:26.144385Z,rr_imputer_v1
25467,31.949502834419086,29.132518538397527,26.671700019196013,23.793844321259495,2025-12-20T11:02:26.144385Z,rr_imputer_v1
13456,36.92011791049181,30.302680283620138,21.471867178734556,10.903819152731444,2025-12-20T11:02:26.144385Z,rr_imputer_v1
29412,23.471806608353496,20.74314728093503,14.66308708558243,10.243995079384039,2025-12-20T11:02:26.144385Z,rr_imputer_v1
16472,32.88957766093875,17.212821358263817,19.422544497130506,10.631103099623177,2025-12-20T11:02:26.144385Z,rr_imputer_v1
20640,20.555631876508887,21.629325097334043,15.56950567394356,9.377063492257994,2025-12-20T11:02:26.144385Z,rr_imputer_v1
27252,29.85441911265051,25.45604258682421,14.854310144516903,8.802656265321442,2025-12-20T11:02:26.144385Z,rr_imputer_v1
17517,25.748362256825818,34.86488428254819,15.861008464895193,8.366049882665166,2025-12-20T11:02:26.144385Z,rr_imputer_v1
19926,46.0260236201025,55.18894973532869,22.285254973705715,15.831100654284144,2025-12-20T11:02:26.144385Z,rr_imputer_v1
14130,32.628227861051876,24.65312953892217,17.866809425814314,9.476301438509307,2025-12-20T11:02:26.144385Z,rr_imputer_v1
22746,33.071770522232704,30.473483149958387,25.460575938231745,18.97987348609976,2025-12-20T11:02:26.144385Z,rr_imputer_v1
27583,22.940391688305805,26.49644417530074,15.427068869233903,9.508936693001024,2025-12-20T11:02:26.144385Z,rr_imputer_v1
23368,24.37844304302103,19.701289743015963,19.227358557760603,10.52641943544088,2025-12-20T11:02:26.144385Z,rr_imputer_v1
13587,33.542243433898804,29.386006417913514,21.78572009570368,10.929385124321817,2025-12-20T11:02:26.144385Z,rr_imputer_v1
18778,24.647323448348583,19.190928712949784,19.299327710367752,11.388065943429723,2025-12-20T11:02:26.144385Z,rr_imputer_v1
24391,28.945035024307344,33.75178086480588,17.614104756604664,8.822721491944172,2025-12-20T11:02:26.144385Z,rr_imputer_v1
17601,30.75142484377071,40.007052888687234,17.76742595551501,14.262990878199641,2025-12-20T11:02:26.144385Z,rr_imputer_v1
25981,20.79977359700141,22.208586253819636,15.602115965496203,10.942556911936256,2025-12-20T11:02:26.144385Z,rr_imputer_v1
20214,37.204779131582015,26.53281742715382,19.716221000947527,11.64772845070388,2025-12-20T11:02:26.144385Z,rr_imputer_v1
29833,28.504230099051245,34.767645777658835,17.293266129362642,9.876271687930194,2025-12-20T11:02:26.144385Z,rr_imputer_v1
29622,29.418396871422033,23.287036232244617,18.117765322741704,10.456608317277041,2025-12-20T11:02:26.144385Z,rr_imputer_v1
29373,34.225643017815344,35.60709410525653,20.869279710406516,12.254401373845965,2025-12-20T11:02:26.144385Z,rr_imputer_v1
22086,25.565082601421388,18.087720218206822,14.841166001313848,8.776820607031084,2025-12-20T11:02:26.144385Z,rr_imputer_v1
22278,15.99706703151559,15.803334164068577,11.089579379876213,6.465311951165722,2025-12-20T11:02:26.144385Z,rr_imputer_v1
14744,23.390205305575822,17.37399034968161,16.007906392600148,11.078881365986591,2025-12-20T11:02:26.144385Z,rr_imputer_v1
25801,20.68320913692362,17.105570356780383,16.44352554807124,9.385230865975089,2025-12-20T11:02:26.144385Z,rr_imputer_v1
28736,25.090067970006626,18.984066050129925,17.550821239193002,10.855057592782144,2025-12-20T11:02:26.144385Z,rr_imputer_v1
29334,21.149168903161645,15.966051191266754,17.701545574064383,11.017198472213623,2025-12-20T11:02:26.144385Z,rr_imputer_v1
20544,38.22145263705546,52.142802807419685,17.03200123473845,12.968940381997324,2025-12-20T11:02:26.144385Z,rr_imputer_v1
25398,38.04844204234346,27.335627926254283,21.701725713439405,11.668814099436592,2025-12-20T11:02:26.144385Z,rr_imputer_v1
20756,29.631132634113666,27.391473904443828,19.39996672835265,9.83046147588159,2025-12-20T11:02:26.144385Z,rr_imputer_v1
24816,32.26893534736936,32.0597233298386,17.33686894929523,11.509960685236349,2025-12-20T11:02:26.144385Z,rr_imputer_v1
29471,38.81897530012739,36.39427190834084,23.200992731455877,15.872168674802005,2025-12-20T11:02:26.144385Z,rr_imputer_v1
19810,29.657234142968278,33.70525738857759,22.338235689298287,22.43045681373328,2025-12-20T11:02:26.144385Z,rr_imputer_v1
12575,28.449623023442488,26.353274888441938,20.940650406166856,18.860412397925526,2025-12-20T11:02:26.144385Z,rr_imputer_v1
24518,28.175079674504815,32.09244498052603,19.004417359553255,10.62747058724444,2025-12-20T11:02:26.144385Z,rr_imputer_v1
14238,71.17691312069547,51.60379398837283,27.00648889870027,17.55496333566811,2025-12-20T11:02:26.144385Z,rr_imputer_v1
25898,26.423453434145067,20.106306528050737,15.595876411950645,8.960167801048064,2025-12-20T11:02:26.144385Z,rr_imputer_v1
24471,49.00591596544512,45.01699144691099,29.09298379110088,31.025368198065927,2025-12-20T11:02:26.144385Z,rr_imputer_v1
13835,29.900482774086683,40.32977402452396,17.059535573291345,12.611899979857862,2025-12-20T11:02:26.144385Z,rr_imputer_v1
27414,32.283650661007286,30.131147863219567,18.333801644007444,10.966762951041861,2025-12-20T11:02:26.144385Z,rr_imputer_v1
17615,36.75513380880332,35.94880049290131,23.736320772904424,15.96429950527782,2025-12-20T11:02:26.144385Z,rr_imputer_v1
25899,37.32647989751033,35.33853511987076,24.7411183382681,20.956362767534355,2025-12-20T11:02:26.144385Z,rr_imputer_v1
19771,37.36696449113202,33.240314094255,19.331878333625767,10.325847452222396,2025-12-20T11:02:26.144385Z,rr_imputer_v1
15085,40.96173653436144,38.24041537560008,33.666278899513856,38.23141115746065,2025-12-20T11:02:26.144385Z,rr_imputer_v1
19641,37.74141023120271,37.55885701627877,20.289952440634153,10.760901537213984,2025-12-20T11:02:26.144385Z,rr_imputer_v1
23149,53.408675402931834,59.69165872171376,28.552190183594238,26.10445440072219,2025-12-20T11:02:26.144385Z,rr_imputer_v1
20326,23.996169737523413,26.266378474408853,15.633127035020575,9.224928551377541,2025-12-20T11:02:26.144385Z,rr_imputer_v1
17162,25.248376033841755,23.05895254496898,17.06106718814487,9.897514290487505,2025-12-20T11:02:26.144385Z,rr_imputer_v1
25882,38.80863874646115,34.80659671299798,20.751735314405394,10.853668622096782,2025-12-20T11:02:26.144385Z,rr_imputer_v1
14583,20.146140549183716,20.004879893512783,15.4879746887897,9.72016572750052,2025-12-20T11:02:26.144385Z,rr_imputer_v1
20437,36.47353746049114,29.094901818388625,20.302698789977743,11.555337097202848,2025-12-20T11:02:26.144385Z,rr_imputer_v1
13888,22.286416632488326,21.762937525058636,18.48733377121691,11.592441300193425,2025-12-20T11:02:26.144385Z,rr_imputer_v1
23133,49.482155568972566,63.80767616772874,27.39780696790686,27.22280146199524,2025-12-20T11:02:26.144385Z,rr_imputer_v1
18584,44.73107495294296,35.90678789899326,24.018955203245287,11.438232504635895,2025-12-20T11:02:26.144385Z,rr_imputer_v1
20143,28.92188695342544,32.510366138697556,19.607225212578996,10.299713851956115,2025-12-20T11:02:26.144385Z,rr_imputer_v1
26895,48.43305082044811,37.710078974403324,25.02037280210292,11.464076073582305,2025-12-20T11:02:26.144385Z,rr_imputer_v1
27065,29.318513981484212,15.452320265594578,18.692137306897877,11.343986546898604,2025-12-20T11:02:26.144385Z,rr_imputer_v1
18693,51.197953627442104,39.82852166175015,24.92349771561585,17.53379562307937,2025-12-20T11:02:26.144385Z,rr_imputer_v1
21776,65.57917346056057,48.498370045418184,41.888344536968624,43.18690424229021,2025-12-20T11:02:26.144385Z,rr_imputer_v1
23527,16.859713110766645,16.155493815732108,12.525784144591741,8.744452254279995,2025-12-20T11:02:26.144385Z,rr_imputer_v1
13609,50.26668837835131,57.678999271673625,22.909718993551007,14.412801009398745,2025-12-20T11:02:26.144385Z,rr_imputer_v1
19897,36.87907464256202,33.64261544086424,18.99230223648929,11.295009939502457,2025-12-20T11:02:26.144385Z,rr_imputer_v1
20598,27.44812406294116,25.78744752701234,16.96180787448596,9.438277119941278,2025-12-20T11:02:26.144385Z,rr_imputer_v1
26200,37.53891716004719,39.46222145902986,25.830865445534833,28.888661665465488,2025-12-20T11:02:26.144385Z,rr_imputer_v1
15893,19.589550376012262,18.072599226808176,15.26816965324889,8.432164984418423,2025-12-20T11:02:26.144385Z,rr_imputer_v1
22030,20.090340798132857,19.82519431780965,12.851019220071489,8.486823815969942,2025-12-20T11:02:26.144385Z,rr_imputer_v1
18946,24.53937648544326,31.22950369813186,16.069905622810143,9.175814709389003,2025-12-20T11:02:26.144385Z,rr_imputer_v1
24192,30.690861381915134,34.11743810417056,25.87971483443279,29.15989381591004,2025-12-20T11:02:26.144385Z,rr_imputer_v1
26238,37.120251722770426,45.587734500186606,18.447151979129945,14.315768725744483,2025-12-20T11:02:26.144385Z,rr_imputer_v1
29604,25.550930817721383,26.721173881477597,17.333105915942994,9.808593898375733,2025-12-20T11:02:26.144385Z,rr_imputer_v1
27458,38.373764150012406,36.63392082275194,21.972247856952766,12.89090237770666,2025-12-20T11:02:26.144385Z,rr_imputer_v1
27103,50.54799769033834,50.28499805457167,22.84678617152442,10.591314183892043,2025-12-20T11:02:26.144385Z,rr_imputer_v1
25302,38.659286760277034,36.794903269809694,23.048971908686354,12.856065849943562,2025-12-20T11:02:26.144385Z,rr_imputer_v1
25220,48.75118017674051,48.191964474833476,27.841057385078088,24.74372880519541,2025-12-20T11:02:26.144385Z,rr_imputer_v1
16976,15.696523391820904,15.97478752666954,13.759462174600873,9.881646063716468,2025-12-20T11:02:26.144385Z,rr_imputer_v1
27315,41.90232409186056,55.138827618192316,21.793783933312792,26.240193225927406,2025-12-20T11:02:26.144385Z,rr_imputer_v1
26685,26.001787440443096,18.753465857905027,18.14786836050563,9.64313653445471,2025-12-20T11:02:26.144385Z,rr_imputer_v1
21424,15.256756031069015,16.04491490975388,12.314487027387795,6.631761640891202,2025-12-20T11:02:26.144385Z,rr_imputer_v1
15482,21.631990902713834,14.513197780111604,16.634977048825416,8.967468578350163,2025-12-20T11:02:26.144385Z,rr_imputer_v1
23489,22.593393650845083,21.317652285526655,15.189285171719353,9.566982743564763,2025-12-20T11:02:26.144385Z,rr_imputer_v1
28286,21.08795580240938,24.399723038725732,16.01860397178614,9.598354533648644,2025-12-20T11:02:26.144385Z,rr_imputer_v1
18915,62.65089043677417,50.160214734664194,33.32318433669329,21.33837302330797,2025-12-20T11:02:26.144385Z,rr_imputer_v1
17151,61.42238149243416,47.35505774428798,45.69060969631381,47.39463836570644,2025-12-20T11:02:26.144385Z,rr_imputer_v1
19742,18.726155567968846,22.14737641641578,12.841929611512251,8.882973199811703,2025-12-20T11:02:26.144385Z,rr_imputer_v1
19172,20.473105025460068,17.97359118001378,15.434747812747302,11.133544581095428,2025-12-20T11:02:26.144385Z,rr_imputer_v1
26242,21.82757784825591,22.567840399951592,13.096838179607909,7.949411628634517,2025-12-20T11:02:26.144385Z,rr_imputer_v1
28524,30.71910191697714,31.82264142932863,20.361178632721934,18.997020384551202,2025-12-20T11:02:26.144385Z,rr_imputer_v1
15690,36.31122174155965,33.351075624074596,21.78054642652021,13.116942761206316,2025-12-20T11:02:26.144385Z,rr_imputer_v1
28221,26.076582461994803,15.891944230971204,15.013967197681755,8.880855288114152,2025-12-20T11:02:26.144385Z,rr_imputer_v1
13374,31.15775475351852,28.738491866507317,19.836398708088613,10.738037550909388,2025-12-20T11:02:26.144385Z,rr_imputer_v1
27128,16.480254989632254,15.19366019902739,13.270809026486047,7.616379366217116,2025-12-20T11:02:26.144385Z,rr_imputer_v1
23945,22.225813184901877,21.325557248349224,17.834256627637895,12.432169075097697,2025-12-20T11:02:26.144385Z,rr_imputer_v1
29377,23.728449281004,22.00931013686964,13.214292677807807,9.17940421134597,2025-12-20T11:02:26.144385Z,rr_imputer_v1
27680,24.622364739296117,28.967500184679427,19.240079424445153,20.919494445322712,2025-12-20T11:02:26.144385Z,rr_imputer_v1
21964,29.227641787082398,26.926561898497802,17.81302132048487,9.722236014261448,2025-12-20T11:02:26.144385Z,rr_imputer_v1
15121,17.64080594417755,13.297357709661195,14.045583454698088,8.439001908422057,2025-12-20T11:02:26.144385Z,rr_imputer_v1
25687,32.79808757718782,31.351555632091674,24.15804811377271,20.795651295314048,2025-12-20T11:02:26.144385Z,rr_imputer_v1
19915,25.52738850027682,18.072507303130976,17.34154258347422,9.562413113557529,2025-12-20T11:02:26.144385Z,rr_imputer_v1
18694,38.30821191382267,33.394787356042315,31.32532820086957,30.347258052608055,2025-12-20T11:02:26.144385Z,rr_imputer_v1
28934,38.401153621282695,29.033065079314156,23.071543263924713,18.891598265142406,2025-12-20T11:02:26.144385Z,rr_imputer_v1
15365,26.062972501373896,17.27785326150922,18.286155323368757,10.07830837136457,2025-12-20T11:02:26.144385Z,rr_imputer_v1
23853,29.95105292979484,27.244171430971306,21.178389813825117,11.702994762370265,2025-12-20T11:02:26.144385Z,rr_imputer_v1
21811,17.261231921177636,14.833698885719075,13.752967915673057,8.000800316283895,2025-12-20T11:02:26.144385Z,rr_imputer_v1
15517,21.29291347267932,20.938373253664174,14.64208255115185,10.129776781889998,2025-12-20T11:02:26.144385Z,rr_imputer_v1
14533,52.269494765058134,47.492758434712435,38.87637848566198,39.67929585467823,2025-12-20T11:02:26.144385Z,rr_imputer_v1
23103,55.201681185699854,52.62486326170792,25.747993258357024,18.070853962678434,2025-12-20T11:02:26.144385Z,rr_imputer_v1
23217,25.246122530023662,17.081163107806063,18.69613314915279,9.67802089610169,2025-12-20T11:02:26.144385Z,rr_imputer_v1
16431,51.00818174162281,38.26349861156157,24.96240060205695,9.784728587986288,2025-12-20T11:02:26.144385Z,rr_imputer_v1
16092,22.189718293313636,21.90283934440914,16.23689916936147,10.318900448213755,2025-12-20T11:02:26.144385Z,rr_imputer_v1
29065,18.866742073569103,15.159958480887676,16.13152617067988,8.922028803047425,2025-12-20T11:02:26.144385Z,rr_imputer_v1
15803,26.243566866946058,24.191657640940353,18.078623023009598,11.63193693712333,2025-12-20T11:02:26.144385Z,rr_imputer_v1
18486,39.900814247541774,45.488520739191294,25.36487143815306,19.383312568057626,2025-12-20T11:02:26.144385Z,rr_imputer_v1
28086,32.14589083014877,34.78206270423063,22.473896893174587,17.46372284579073,2025-12-20T11:02:26.144385Z,rr_imputer_v1
23263,21.44748468340044,16.5269253921016,16.400089814039944,10.93054193345708,2025-12-20T11:02:26.144385Z,rr_imputer_v1
21099,23.96287466608152,18.09726143232308,17.356386048521728,11.036560641517246,2025-12-20T11:02:26.144385Z,rr_imputer_v1
18465,59.211698844938994,48.42029575323074,27.299612558063004,17.725529466456926,2025-12-20T11:02:26.144385Z,rr_imputer_v1
19141,31.21397091479635,27.526733982779877,19.22249492598912,10.182807349453732,2025-12-20T11:02:26.144385Z,rr_imputer_v1
28995,25.943013976028862,26.79600609330986,18.256761697436726,11.658752804115078,2025-12-20T11:02:26.144385Z,rr_imputer_v1
20395,29.71559920724412,31.897592757622874,20.56894510760566,10.772917227294021,2025-12-20T11:02:26.144385Z,rr_imputer_v1
